comid,UltOrg,Affiliate,PACShort
C00001289,Unocal Corp; Chevron Corp; Union Oil,NA; Chevron Corp,Unocal Corp; Union Oil
C00002972,National Rural Electric Cooperative Assn,National Rural Electric Cooperative Assn,National Rural Electric Cooperative Assn
C00004952,National Rural Electric Cooperative Assn,National Rural Electric Cooperative Assn,Mississippi ACRE
C00004960,Burlington Resources; ConocoPhillips,NA; ConocoPhillips,Burlington Resources
C00007450,American Gas Assn,"NA",American Gas Assn
C00007849,National Rural Electric Cooperative Assn,National Rural Electric Cooperative Assn,Speak Up for Rural Electrification
C00008169,National Rural Electric Cooperative Assn,National Rural Electric Cooperative Assn,Missouri ACRE
C00008748,Sempra Energy; Pacific Enterprises,Sempra Energy; NA,Sempra Energy; Pacific Enterprises; Southern California Gas
C00010561,National Rural Electric Cooperative Assn,National Rural Electric Cooperative Assn,Kansas ACRE
C00010710,National Rural Electric Cooperative Assn,National Rural Electric Cooperative Assn,North Carolina Assn of Electric Coops; National Rural Electric Cooperative Assn
C00010967,Dominion Resources; Consolidated Gas Transmission Corp; Consolidated Natural Gas,Dominion Resources; NA; Consolidated Natural Gas,Dominion Transmission & Storage; Consolidated Gas Transmission Corp; CNG Transmission Corp
C00011387,National Rural Electric Cooperative Assn,National Rural Electric Cooperative Assn,Colorado ACRE
C00013995,Iowa Resources Inc; Midwest Resources Inc,NA; Midwest Resources Inc,Iowa Resources Inc; Midwest Resources Inc
C00014472,Dominion Resources; Consolidated Natural Gas,Dominion Resources; Consolidated Natural Gas,East Ohio Gas
C00015925,Indiana Gas,"NA",Indiana Gas
C00015933,Pinnacle West Capital,"NA",Pinnacle West Capital; Arizona Public Service Co
C00019653,Edison International; SCEcorp,"NA",Edison International; Southern California Edison
C00025346,Sunoco Inc; Energy Transfer Equity; Sun Co,NA; Energy Transfer Equity,Sunoco Inc; Sun Co
C00025395,PNM Resources; Public Service Co of New Mexico,"NA",Public Service Co of New Mexico
C00030676,USX Corp,USX Corp,USX Corp
C00032771,Transco Energy Co; Williams Companies,Transco Energy Co; Williams Companies,Texas Gas Transmission
C00032805,BP; Atlantic Richfield,BP; NA,Atlantic Richfield
C00033167,Dominion Resources; Consolidated Natural Gas,Dominion Resources; Consolidated Natural Gas,Dominion Peoples Natural Gas; Peoples Natural Gas
C00033530,BP; British Petroleum,BP; NA,BP; BP America
C00034041,Kerr-McGee Corp; Anadarko Petroleum,NA; Anadarko Petroleum,Kerr-McGee Corp; Anadarko Petroleum
C00034728,True Companies,"NA",True Companies
C00035006,Chevron Corp; ChevronTexaco,NA; ChevronTexaco; Chevron Corp,Chevron Corp; ChevronTexaco
C00035055,DuPont Co,DuPont Co,Conoco Inc
C00035204,Petroleum Marketers Assn,Petroleum Marketers Assn,Petroleum Marketers Assn
C00035527,Occidental Petroleum,Occidental Petroleum,Occidental Oil & Gas
C00035709,TXU Corp; Enserch Corp; Texas Utilities Co,TXU Corp; NA; Texas Utilities Co,TXU Corp/Transmission & Pipeline; Enserch Corp; Texas Utilities Co/Pipeline
C00039503,Shell Oil; Royal Dutch Shell,Shell Oil; NA,Shell Oil
C00039610,HOUPAC,"NA",HOUPAC
C00040394,Williams Companies,NA; Williams Companies,Williams Companies
C00040568,USX Corp; Marathon Oil,USX Corp; NA,Marathon Oil
C00040824,Dominion Resources; Consolidated Natural Gas,Dominion Resources; Consolidated Natural Gas,Consolidated Natural Gas
C00040881,National Rural Electric Cooperative Assn,National Rural Electric Cooperative Assn,Ohio ACRE
C00040907,Duke Energy; Panhandle Eastern Corp; PanEnergy Corp,Duke Energy; Panhandle Eastern Corp; NA,Duke Energy; Texas Eastern Gas Transmission; PanEnergy Corp
C00041038,Avista Corp; Washington Water Power,"NA",Avista Corp; Washington Water Power
C00041178,Texaco; ChevronTexaco,NA; ChevronTexaco,Texaco; ChevronTexaco
C00041376,Constellation Energy; Exelon Corp; Baltimore Gas & Electric,NA; Exelon Corp,Constellation Energy; Baltimore Gas & Electric
C00041418,Panhandle Eastern Corp,Panhandle Eastern Corp,Panhandle Eastern Corp
C00041616,Mapco Inc,"NA",Mapco Inc
C00041947,ABB Group,"NA",ABB Group
C00048702,National Grid USA; National Grid plc; New England Power Co; New England Electric System,NA; National Grid plc,National Grid USA; New England Power Co
C00049056,Kaneb Services,"NA",Kaneb Services
C00050310,Sonat Inc; Southern Natural Resources,"NA",Sonat Inc
C00051979,NiSource Inc; Columbia Gas System; Columbia Energy Group,NiSource Inc; Columbia Gas System; Columbia Energy Group,Columbia Energy Group; NiSource Inc; Columbia Gas System
C00054890,NiSource Inc; Columbia Gas System,NiSource Inc; Columbia Gas System,Columbia Gas Distribution; Columbia Gas of Ohio
C00055236,NiSource Inc; Columbia Gas System,NiSource Inc; Columbia Gas System,Columbia Gas Transmission; Columbia Natural Resources
C00055616,Consolidated Edison of New York; Consolidated Edison Inc,NA; Consolidated Edison Inc,Consolidated Edison of New York
C00056572,American Electric Power; Central & South West Corp,American Electric Power; Central & South West Corp,Public Service Co of Oklahoma
C00059477,Xcel Energy; Southwestern Public Service Co; New Century Energies,Xcel Energy; NA; New Century Energies,Southwestern Public Service Co
C00060079,Pennzoil-Quaker State; Pennzoil Co,Pennzoil-Quaker State; NA,Pennzoil-Quaker State; Pennzoil Co
C00060103,BP; Amoco Corp,BP; NA,BP; Amoco Corp
C00062760,Panhandle Energy,"NA",Panhandle Energy
C00063024,Service Station Dealers of America,"NA",Service Station Dealers of America
C00063131,Sempra Energy; San Diego Gas & Electric,Sempra Energy; NA,San Diego Gas & Electric
C00063461,McDermott International; McDermott Inc,McDermott International; McDermott Inc,Babcock & Wilcox Enterprises
C00064774,FPL Group; NextEra Energy,"NA",Florida Power & Light; NextEra Energy
C00066985,OGE Energy; Oklahoma Gas & Electric,OGE Energy; NA,Oklahoma Gas & Electric
C00068056,Montana Power; NorthWestern Corp,NA; NorthWestern Corp,Montana Power; NorthWestern Energy
C00075473,CMS Energy; Consumers Power Co,"NA",CMS Energy; Consumers Power Co
C00075994,Ashland Inc; Ashland Oil,Ashland Inc; Ashland Oil,Ashland Inc; Ashland Oil
C00076703,National Rural Electric Cooperative Assn,National Rural Electric Cooperative Assn,Iowa Assn of Electric Cooperatives; Iowa ACRE
C00076737,Southwest Gas,NA; Southwest Gas,Southwest Gas
C00077198,Pacificorp,Pacificorp,Pacific Power & Light (Wyoming)
C00077305,Southern Co,Southern Co,Alabama Power
C00077370,Tesoro Petroleum; Pacific Resources; Broken Hill Proprietary,Tesoro Petroleum; NA; Broken Hill Proprietary,Tesoro Hawaii Corp; Pacific Resources; BHP Petroleum Americas
C00079442,Texas Utilities Co,Texas Utilities Co,Texas Utilities Electric Co/TP&L Div
C00079483,Texas Utilities Co,Texas Utilities Co,Texas Utilities Electric Co/Tesco Div
C00079681,National Propane Gas Assn,"NA",National Propane Gas Assn
C00079723,Texas Utilities Co,Texas Utilities Co,Texas Utilities Electric Co/DP&L Div
C00079756,El Paso Electric,"NA",El Paso Electric
C00081075,American Independent Refiners Assn,"NA",American Independent Refiners Assn
C00081273,Berkshire Hathaway; Midwest Energy Co; Midwest Resources Inc; MidAmerican Energy,Berkshire Hathaway; NA; Midwest Resources Inc; MidAmerican Energy,MidAmerican Energy; Midwest Energy Co; Midwest Resources Inc
C00081455,Centerpoint Energy; RRI Energy; NRG Energy; Houston Industries,Centerpoint Energy; NA; NRG Energy; Houston Industries,Reliant Energy; RRI Energy; GenOn Energy; Houston Industries
C00081471,Washington Natural Gas; Puget Sound Energy,NA; Puget Sound Energy,Washington Natural Gas
C00081547,DTE Energy; Detroit Edison,NA; DTE Energy,DTE Energy; Detroit Edison
C00082008,Portland General Electric; Enron Corp,NA; Enron Corp,Portland General Electric
C00082248,Central & South West Corp; American Electric Power,Central & South West Corp; American Electric Power,Central Power & Light
C00082313,Dallas Energy,"NA",Dallas Energy
C00082420,American Electric Power; Central & South West Corp,American Electric Power; Central & South West Corp,West Texas Utilities
C00082800,PacifiCorp; Berkshire Hathaway; Pacificorp,NA; Berkshire Hathaway; Pacificorp; PacifiCorp,PacifiCorp; Pacific Power & Light
C00082818,Centerpoint Energy; Arkla Inc; Entex; NorAm Energy; Houston Industries,Centerpoint Energy; Arkla Inc; Entex; NorAm Energy; Houston Industries,Reliant Energy Entex; Arkla Inc; Entex
C00083089,Central & South West Corp; American Electric Power,Central & South West Corp; American Electric Power,Central & South West Services
C00083337,National Rural Electric Cooperative Assn,National Rural Electric Cooperative Assn,Louisiana ACRE
C00083535,Duke Energy; Duke Power,Duke Energy; NA,Duke Energy; Duke Power
C00083758,National Fuel Gas Corp,"NA",National Fuel Gas Corp
C00083808,Michigan Petroleum Assn,"NA",Michigan Petroleum Assn
C00083832,IDACORP Inc; Idacorp Inc,"NA",Idaho Power
C00083857,Occidental Petroleum,NA; Occidental Petroleum,Occidental Petroleum
C00084988,American Electric Power; Central & South West Corp,American Electric Power; Central & South West Corp,Southwestern Electric Power
C00087965,Mitchell Energy & Development,"NA",Mitchell Energy & Development
C00088377,Southern Union,"NA",Southern Union
C00088906,Interstate Power; Alliant Inc,NA; Alliant Inc,Interstate Power
C00091702,Coastal Corp; El Paso Corp,NA; El Paso Corp,Coastal Corp; El Paso Corp
C00091884,Progress Energy; Carolina Power & Light,Progress Energy; NA,Progress Energy; Carolina Power & Light
C00092254,Transco Energy; Williams Companies,Transco Energy; Williams Companies,Transco Energy
C00092833,Northern Indiana Public Service Co,"NA",Northern Indiana Public Service Co
C00093948,El Paso Energy; El Paso Corp; Burlington Northern; El Paso Natural Gas,NA; El Paso Corp; Burlington Northern,El Paso Energy; El Paso Corp; El Paso Natural Gas
C00094276,Maxus Energy Corp,"NA",Maxus Energy Corp
C00095406,Exxon Mobil; Mobil Oil,Exxon Mobil; NA,Exxon Mobil; Mobil Oil
C00095869,Edison Electric Institute,"NA",Edison Electric Institute
C00095984,Quaker State Oil Refining Corp,"NA",Quaker State Oil Refining Corp
C00096743,Petroleum Marketers Assn,Petroleum Marketers Assn,Illinois Petroleum Marketers Assn
C00096842,American Electric Power,American Electric Power,American Electric Power
C00096859,Public Service Co of Indiana; Cinergy Corp,NA; Cinergy Corp,Public Service Co of Indiana; PSI Energy
C00097758,Questar Corp; Dominion Resources,NA; Dominion Resources,Questar Corp
C00097865,National Assn of Truck Stop Operators,"NA",National Assn of Truck Stop Operators
C00099366,Energy East Corp; Connecticut Natural Gas,Energy East Corp; NA,Connecticut Natural Gas
C00099937,Cooper Industries,"NA",Cooper Industries
C00099945,Wisconsin Energy Corp; WEC Energy Group,"NA",Wisconsin Electric Power; We Energies
C00100347,Entergy Corp,Entergy Corp,Entergy Mississippi; Mississippi Power & Light
C00100727,Entergy Corp,Entergy Corp,Entergy Services
C00100826,Circle K Corp,"NA",Circle K Corp
C00101592,Puget Sound Energy; Puget Equico; Puget Sound Power & Light,NA; Puget Sound Energy,Puget Sound Energy; Puget Sound Power & Light
C00101709,Peoples Energy,"NA",Peoples Energy
C00102087,Mustang Energy Corp; Gulf Resources Corp,"NA",Mustang Energy Corp; Mustang Fuel Corp
C00102152,Washington Gas Light Co,"NA",Washington Gas Light Co
C00102160,Northeast Utilities; Eversource Energy,NA; Northeast Utilities,Northeast Utilities; Eversource Energy
C00102798,TNP Enterprises; Texas-New Mexico Power,"NA",Texas-New Mexico Power
C00102947,DPL Inc; AES Corp; Dayton Power & Light,NA; AES Corp,Dayton Power & Light
C00103028,KN Energy,"NA",KN Energy
C00103697,Bechtel Group,"NA",Bechtel Group
C00103788,Entergy Corp; Gulf States Utilities,Entergy Corp; NA,Entergy Gulf States; Gulf States Utilities
C00103911,Mississippi Valley Gas Co,"NA",Mississippi Valley Gas Co
C00103978,National Rural Electric Cooperative Assn,National Rural Electric Cooperative Assn,Indiana ACRE
C00104810,Enron Corp,NA; Enron Corp,Enron Corp
C00106625,Noble Affiliates,"NA",Noble Affiliates
C00107771,Xcel Energy; Northern States Power,Xcel Energy; NA,Xcel Energy; Northern States Power
C00107813,WPS Resources; Integrys Energy Group; Wisconsin Public Service Corp,WPS Resources; NA; Integrys Energy Group,Wisconsin Public Service Corp
C00108209,Dominion Resources,Dominion Resources; NA,Dominion Resources
C00109264,Iowa-Illinois Gas & Electric; MidAmerican Energy Co,NA; MidAmerican Energy Co,Iowa-Illinois Gas & Electric; MidAmerican Energy Co
C00109546,Valero Energy,"NA",Valero Energy
C00109793,American Petrofina; Fina Inc,"NA",American Petrofina; Fina Inc
C00109801,Entergy Corp,Entergy Corp,Louisiana Power & Light
C00110973,Conectiv; Delmarva Power & Light,"NA",Conectiv; Delmarva Power & Light
C00111310,Kansas City Power & Light; Great Plains Energy; Evergy Inc,NA; Great Plains Energy; Evergy Inc,Kansas City Power & Light
C00111427,Mid-Continent Oil & Gas Assn; Mid-Con Oil & Gas,Mid-Continent Oil & Gas Assn; NA; Mid-Con Oil & Gas,Mid-Continent Oil & Gas Assn
C00112896,Phillips Petroleum; ConocoPhillips,NA; Phillips Petroleum; ConocoPhillips,Phillips Petroleum; ConocoPhillips
C00113035,Entergy Corp,Entergy Corp,Entergy Arkansas; Arkansas Power & Light
C00113233,Research-Cottrell,"NA",Research-Cottrell
C00114207,Louisiana Energy PAC,"NA",Louisiana Energy PAC
C00115030,AES Corp; Indianapolis Power & Light; Ipalco Enterprises,AES Corp; NA,Ipalco Enterprises; Indianapolis Power & Light
C00115212,Entergy Corp,Entergy Corp,New Orleans Public Service Inc
C00115345,USX Corp; Koch Industries,USX Corp; Koch Industries,Delhi Gas Pipeline Corp
C00116004,Northville Industries,"NA",Northville Industries
C00116145,Interstate Natural Gas Assn of America,"NA",Interstate Natural Gas Assn of America
C00116400,Tosco Corp; Phillips Petroleum,NA; Phillips Petroleum,Tosco Corp; Phillips Petroleum
C00117226,Kentucky Gasoline Dealers Assn,"NA",Kentucky Gasoline Dealers Assn
C00118885,Potomac Electric Power; PEPCO Holdings,NA; PEPCO Holdings,Potomac Electric Power
C00118935,Central Illinois Public Service Co,"NA",Central Illinois Public Service Co
C00119321,NSTAR; Boston Edison,"NA",NSTAR; Boston Edison
C00119776,Southern Co,Southern Co,Georgia Power
C00120030,Society of Independent Gasoline Marketers,"NA",Society of Independent Gasoline Marketers
C00120519,Southern Co,Southern Co,Gulf Power
C00120808,Mid-Continent Oil & Gas Assn; Dixie Oil Producers; Mid-Con Oil & Gas,Mid-Continent Oil & Gas Assn; NA; Mid-Con Oil & Gas,Mid-Continent Oil & Gas Assn/Ala Div; Dixie Oil Producers; Mid-Continent Oil & Gas Assn/MS-AL Div
C00121368,Exxon Mobil; Exxon Corp,Exxon Mobil; NA,Exxon Mobil; Exxon Corp
C00125658,Niagara Mohawk Power,"NA",Niagara Mohawk Power
C00125732,Black Hills Corp; Black Hills Power & Light,"NA",Black Hills Corp; Black Hills Power & Light
C00127381,BOC Group,"NA",BOC Group
C00129205,National Rural Electric Cooperative Assn,National Rural Electric Cooperative Assn,South Dakota ACRE
C00129270,Tesoro Petroleum,"NA",Tesoro Petroleum
C00130575,GPU Inc; FirstEnergy Corp; General Public Utilities,NA; FirstEnergy Corp,GPU Inc; General Public Utilities
C00131235,Public Service Co of Colorado; New Century Energies,NA; New Century Energies,Public Service Co of Colorado
C00131375,Energy Consumers & Producers Assn,"NA",Energy Consumers & Producers Assn
C00131540,Independent Producers Group,"NA",Independent Producers Group
C00132092,Alliant Energy; Wisconsin Power & Light; Alliant Inc,NA; Alliant Inc,Alliant Energy; Wisconsin Power & Light; Alliant Inc
C00133462,Iowa-Illinois Gas And Electric Co; Mid-American Energy Co,"NA",Iowa-Illinois Gas And Electric Co; Mid-American Energy Co
C00133561,National Rural Electric Cooperative Assn,National Rural Electric Cooperative Assn,Oklahoma ACRE
C00133660,Independent Energy PAC,"NA",Independent Energy PAC
C00135764,New Jersey Gasoline Retailers Assn,"NA",New Jersey Gasoline Retailers Assn
C00135855,Energen Corp; Diamondback Energy; Alagasco Inc,NA; Diamondback Energy,Energen Corp; Alagasco Inc
C00136317,McDermott International,McDermott International,McDermott International
C00139105,Ohio Petroleum Retailers & Repair Assn; Northern Ohio Petroleum Retailers Assn,"NA",Ohio Petroleum Retailers & Repair Assn; Northern Ohio Petroleum Retailers Assn
C00139360,National Rural Electric Cooperative Assn,National Rural Electric Cooperative Assn,Montana ACRE
C00139642,American Electric Power,American Electric Power,American Electric Power; Indiana Michigan Power
C00139667,UGI Corp; Ugi Corp,"NA",UGI Corp; Ugi Corp
C00140277,Com/Energy Services,"NA",Com/Energy Services
C00140855,FirstEnergy Corp; Ohio Edison,FirstEnergy Corp; NA,FirstEnergy Corp; Ohio Edison
C00141150,KeySpan Energy; Brooklyn Union Gas,KeySpan Energy; NA,Brooklyn Union Gas
C00141218,Exelon Corp; Commonwealth Edison,Exelon Corp; NA,Exelon Corp; Commonwealth Edison
C00141333,Orange & Rockland Utilities,"NA",Orange & Rockland Utilities
C00141879,PETRO; Deblois Oil,"NA",Deblois Oil
C00141945,Hunt Companies; Rrh Corp,"NA",Hunt Oil
C00142158,Ogden Corp; Covanta Energy Corp; Covanta Holding,"NA",Ogden Corp; Covanta Energy Corp
C00142489,Allete Inc; Minnesota Power & Light; Minnesota Power,"NA",Allete Inc; Minnesota Power & Light; Minnesota Power
C00144147,Southern Co,Southern Co,Mississippi Power
C00144774,Southern Co,Southern Co,Southern Co
C00144824,Piedmont Natural Gas; Duke Energy,NA; Duke Energy,Piedmont Natural Gas
C00145037,AGL Resources; Southern Co Gas; Atlanta Gas Light Co,AGL Resources; Southern Co Gas; NA,AGL Resources; Southern Co Gas; Atlanta Gas Light Co
C00145540,American Electric Power,American Electric Power,Ohio Power
C00145722,Murphy Oil,NA; Murphy Oil,Murphy Oil
C00146084,Williams Companies,Williams Companies,Williams Companies
C00147256,Occidental Petroleum,Occidental Petroleum,Midcon Corp; MidCon Corp
C00147819,NiSource Inc; Bay State Gas,NiSource Inc; NA,Bay State Gas
C00147918,Ecology & Environment Inc,"NA",Ecology & Environment Inc
C00148106,Red Apple Group,"NA",United Refining
C00148411,Wickland Oil,"NA",Wickland Oil
C00149484,Progress Energy; Florida Power; Florida Progress Corp,Progress Energy; NA,Florida Power
C00149765,National Assn of Texaco Wholesalers,"NA",National Assn of Texaco Wholesalers
C00151175,Equitable Resources; EQT Corp,"NA",Equitable Resources; EQT Corp
C00152934,Permian Corp; National Intergroup,NA; National Intergroup,Permian Corp
C00153379,Sierra Pacific Resources; NV Energy; Berkshire Hathaway,NA; Berkshire Hathaway; Sierra Pacific Resources,Sierra Pacific Resources; NV Energy
C00156471,Energy East Corp; New York State Electric & Gas,Energy East Corp; NA,New York State Electric & Gas
C00157107,Dynegy Inc; Illinois Power,Dynegy Inc; NA,Illinois Power
C00158113,American Electric Power,American Electric Power,Columbus Southern Power
C00159244,Associated Retail Gasoline Dealers,"NA",Petroleum Retailers & Auto Repair Assn
C00159418,MCN Energy Group; DTE Energy; Michigan Consolidated Gas,NA; DTE Energy,MCN Energy Group; Michigan Consolidated Gas
C00160085,Dominion Resources; Consolidated Natural Gas,Dominion Resources; Consolidated Natural Gas,CNG Producing Co
C00160101,Exelon Corp; Philadelphia Electric; PECO Energy,Exelon Corp; NA,PECO Energy; Philadelphia Electric
C00161422,TECO Energy,"NA",TECO Energy
C00161570,American Public Power Assn,"NA",American Public Power Assn
C00161745,PacifiCorp; Kennecott Corp,PacifiCorp; Kennecott Corp,Nerco Oil & Gas
C00162396,Missouri Public Service Co,"NA",Missouri Public Service Co
C00163253,MDU Resources Group,"NA",MDU Resources Group
C00164244,DQE Inc; Duquesne Light Holdings; Duquesne Light Co,NA; Duquesne Light Co,Duquesne Light Co
C00164970,Nicor Inc; AGL Resources,NA; AGL Resources,Nicor Inc
C00165290,FirstEnergy Corp; Pennsylvania Power,FirstEnergy Corp; NA,Pennsylvania Power
C00165878,Cleco Corp; Central Louisiana Electric,"NA",Cleco Corp; Central Louisiana Electric
C00166082,Independent Oil & Gas Assn of PA; Pennsylvania Natural Gas; Independent Oil & Gas Assn of Pa,"NA",Independent Oil & Gas Assn of PA; Pennsylvania Natural Gas; Independent Oil & Gas Assn of Pa
C00167106,Northeast Utilities,Northeast Utilities,Public Service Co of New Hampshire
C00167940,Kroger Co,Kroger Co,Mini Mart
C00172015,Gulf Coast Assn of Alabama,"NA",Gulf Coast Assn of Alabama
C00174136,Ocean Drilling & Exploration Co,"NA",Ocean Drilling & Exploration Co
C00174367,Northwest Natural Gas,"NA",Northwest Natural Gas
C00177469,PG&E Corp; Pacific Gas & Electric,PG&E Corp; NA,PG&E Corp; Pacific Gas & Electric
C00183434,Independent Oil Producers' Agency,"NA",Independent Oil Producers' Agency
C00185975,Cooperative Power Assn,"NA",Cooperative Power Assn
C00187799,NorthWestern Corp; Northwestern Public Service Co,NA; NorthWestern Corp; Northwestern Public Service Co,NorthWestern Energy; Northwestern Public Service Co
C00190306,American Wind Energy Assn,NA; American Wind Energy Assn,American Wind Energy Assn
C00190652,Southwestern Energy,"NA",Southwestern Energy
C00190983,Environmental Elements Corp,"NA",Environmental Elements Corp
C00193185,Cincinnati Gas & Electric; Cinergy Corp,NA; Cinergy Corp,Cincinnati Gas & Electric
C00194852,Foster Wheeler,"NA",Foster Wheeler
C00195776,Lear Petroleum Corp,"NA",Lear Petroleum Corp
C00197855,Reliant Energy; Arkla Inc; NorAm Energy; Houston Industries,Reliant Energy; Arkla Inc; NorAm Energy; Houston Industries,NorAm Energy; Arkla Inc
C00198366,Dominion Resources; Consolidated Natural Gas; Hope Gas,Dominion Resources; Consolidated Natural Gas; NA,Hope Gas
C00198440,Kansas Gas & Electric,"NA",Kansas Gas & Electric
C00199653,Stewart & Stevenson,"NA",Stewart & Stevenson
C00200907,Scana Corp,"NA",Scana Corp
C00202564,Mesa Petroleum,Mesa Petroleum,Mesa Petroleum
C00202853,Iowa Electric Light & Power; IES Industries Inc,"NA",Iowa Electric Light & Power; IES Industries Inc
C00202911,Crown Central Petroleum,"NA",Crown Central Petroleum
C00203653,Independent Energy Producers PAC,"NA",Independent Energy Producers PAC
C00204180,FuelCell Energy; Energy Research Corp,"NA",FuelCell Energy; Energy Research Corp
C00205047,RGS Energy; Rochester Gas & Electric,"NA",Rochester Gas & Electric
C00206136,Ameren Corp; Union Electric,"NA",Ameren Corp; Union Electric
C00206995,Rosewood Corp,"NA",Rosewood Corp
C00207761,National Rural Electric Cooperative Assn,National Rural Electric Cooperative Assn,Virginia ACRE
C00207878,Sierra Pacific Resources,Sierra Pacific Resources,Sierra Pacific Resources
C00208249,Empire District Electric; Liberty Utilities,NA; Liberty Utilities,Empire District Electric
C00208520,Kentucky Utilities,"NA",Kentucky Utilities
C00209940,Greater Wash/Md Service Station Assn,"NA",Greater Wash/Md Service Station Assn
C00210534,Pekin Energy,"NA",Pekin Energy
C00211615,UtiliCorp United; Aquila Inc; Great Plains Energy,NA; Great Plains Energy; UtiliCorp United,UtiliCorp United; Aquila Inc; Black Hills Energy
C00213090,Pride Refining Co,"NA",Pride Refining Co
C00214429,Centerior Energy Corp; FirstEnergy Corp,Centerior Energy Corp; FirstEnergy Corp,Centerior Energy Corp; FirstEnergy Corp
C00214601,Americans for Sound Energy Policy,"NA",Americans for Sound Energy Policy
C00214940,Public Service Enterprise Group; Public Service Electric & Gas Company,NA; Public Service Enterprise Group,Public Service Electric & Gas; Public Service Electric & Gas Company
C00215384,ONEOK Inc; Oneok Inc,NA; ONEOK Inc,ONEOK Inc; Oneok Inc
C00215509,National Rural Electric Cooperative Assn,National Rural Electric Cooperative Assn,Idaho ACRE
C00215921,Public Service Co of NH/Yankee Div; Public Service Co of NH,NA; Public Service Co of NH,Public Service Co of NH/Yankee Div
C00215939,Ultramar Diamond Shamrock; Diamond Shamrock R&M Inc; Diamond Shamrock Inc,"NA",Ultramar Diamond Shamrock; Diamond Shamrock R&M Inc; Diamond Shamrock Inc
C00216341,UIL Holdings; Iberdrola SA; United Illuminating,NA; Iberdrola SA,United Illuminating
C00218040,Western Resources Inc; Westar Energy; KPL Gas Service,"NA",Western Resources Inc; Westar Energy; KPL Gas Service
C00219774,WPS Resources; Upper Peninsula Power,WPS Resources; NA,Upper Peninsula Power
C00220269,Basin Electric Power Co-op; Basin Electric Power Co-Op,"NA",Basin Electric Power Co-op; Basin Electric Power Co-Op
C00222109,Atlantic City Electric,"NA",Atlantic City Electric
C00226548,TXU Corp; Energy Future Holdings Corp; Vistra Energy; Texas Utilities Co,TXU Corp; Energy Future Holdings Corp; Vistra Energy; Texas Utilities Co,TXU Corp; Energy Future Holdings Corp; Vistra Energy; Texas Utilities Co
C00228106,PPL Corp; Pennsylvania Power & Light; PP&L Resources,NA; PPL Corp,PPL Corp; Pennsylvania Power & Light
C00228759,Oxford Energy Co,"NA",Oxford Energy Co
C00228866,United Gas Pipe Line Co; Koch Industries,NA; Koch Industries,United Gas Pipe Line Co; Koch Gateway Pipeline
C00230714,New Jersey Resources Corp,"NA",New Jersey Resources Corp
C00230821,National Independent Energy Producers,"NA",National Independent Energy Producers
C00231571,Graham Resources,"NA",Graham Resources
C00231910,Service Station Dealers Assn/Michigan; Service Station Dealers Assn/Mich,"NA",Service Station Dealers Assn/Michigan; Service Station Dealers Assn/Mich
C00231951,Anadarko Petroleum,Anadarko Petroleum; NA,Anadarko Petroleum
C00234773,Oryx Energy,"NA",Oryx Energy
C00234963,American Electric Power,American Electric Power,American Electric Power Fuel Supply
C00235556,CNG Development Co,"NA",CNG Development Co
C00235986,American Electric Power,American Electric Power,Appalachian Power
C00236067,Harza Engineering,"NA",Harza Engineering
C00236489,Koch Industries,NA; Koch Industries,Koch Industries
C00240069,Vectren Corp; Southern Indiana Gas & Electric,"NA",Southern Indiana Gas & Electric; Vectren Corp
C00242370,Montgomery Watson Americas; MWH Global; Montgomery Engineering,"NA",Montgomery Watson Americas; MWH Americas; Montgomery Engineering
C00242792,TEX/CON Oil & Gas,"NA",TEX/CON Oil & Gas
C00243444,EnergySouth; Sempra Energy; Mobile Gas Service Corp,NA; Sempra Energy,Mobile Gas Service Corp; EnergySouth
C00243865,Cabot Oil & Gas,"NA",Cabot Oil & Gas
C00246033,Entergy Corp,Entergy Corp,Entergy Operations
C00246306,Independent Petroleum Assn of America,Independent Petroleum Assn of America; NA,Independent Petroleum Assn of America
C00246579,Halliburton Co,Halliburton Co,NUS Corp; Halliburton NUS Environmental Corp
C00247510,Powell Industries,"NA",Powell Industries
C00247775,PowerGen; Eon AG; PPL Corp; Louisville Gas & Electric,NA; PPL Corp,Louisville Gas & Electric; Eon US
C00248583,Burlington Northern,Burlington Northern,El Paso Natural Gas
C00249599,Dow Chemical; Destec Energy,Dow Chemical; NA,Destec Energy
C00250910,AGL Resources; Virginia Natural Gas,AGL Resources; NA,Virginia Natural Gas
C00251843,Roy F Weston Inc; Weston Solutions,"NA",Roy F Weston Inc; Weston Solutions
C00252437,Kamo Electric Cooperative,"NA",Kamo Electric Cooperative
C00255950,TXU Corp; Energy Future Holdings Corp; Vistra Energy; Texas Utilities Co,TXU Corp; Energy Future Holdings Corp; Vistra Energy; Texas Utilities Co,TXU Corp; Energy Future Holdings Corp; Vistra Energy; Texas Utilities Co
C00255992,TXU Corp; Energy Future Holdings Corp,TXU Corp; Energy Future Holdings Corp,TXU Corp; Oncor Group; TXU Electric Delivery; Oncor Electric Delivery
C00256958,Giant Industries,"NA",Giant Industries
C00258335,Entergy Corp,Entergy Corp,Entergy Operations
C00259572,American Wind Energy Assn,NA; American Wind Energy Assn,American Wind Energy Assn
C00259622,Red Apple Group,"NA",United Refining
C00260463,Entergy Corp,Entergy Corp,Louisiana Power & Light/New Orleans; Louisiana Power & Light
C00262204,Tractebel Power,"NA",Tractebel Power
C00265595,AES Corp; AES Shady Point,AES Corp; NA,AES Corp; AES Shady Point
C00267955,Western Farmers Electric Cooperative,"NA",Western Farmers Electric Cooperative
C00271361,Berkshire Hathaway; California Energy,Berkshire Hathaway; NA,California Energy
C00276485,National Rural Electric Cooperative Assn,National Rural Electric Cooperative Assn,Wyoming ACRE
C00279224,Apache Corp,"NA",Apache Corp
C00279331,CONSOL Energy,"NA",CONSOL Energy
C00280933,Duquesne Light Co,Duquesne Light Co,Duquesne Light Co
C00281618,Total Petroleum Inc,"NA",Total Petroleum Inc
C00282053,Nuclear Fuel Services,"NA",Nuclear Fuel Services
C00285486,United Cities Gas Co,"NA",United Cities Gas Co
C00287508,OHM Corp,"NA",OHM Corp
C00292136,Otter Tail Corp,"NA",Otter Tail Power; Otter Tail Corp
C00292243,Missouri Gas Energy,"NA",Missouri Gas Energy
C00292375,Northwestern Public Service Co,Northwestern Public Service Co,Northwestern Public Service Co
C00295659,Triton Energy; Amerada Hess Corp,"NA",Triton Energy; Amerada Hess Corp
C00296533,Southern Co,Southern Co,Savannah Electric & Power
C00296616,Shell Oil; Central & South West Corp,Shell Oil; Central & South West Corp,Tejas Energy & Coral Energy; Transok Inc; TransOK Inc
C00298596,NiSource Inc; NIPSCO Industries,NiSource Inc; NA,NiSource Inc; Northern Indiana Public Service Co; NIPSCO Industries
C00298752,Chevron Corp,Chevron Corp,Chevron Corp/Texas
C00300137,Torch Energy Advisors,"NA",Torch Energy Advisors
C00300368,Entergy Corp,Entergy Corp,Entergy Corp
C00304964,Cinergy Corp; Duke Energy,NA; Duke Energy; Cinergy Corp,Cinergy Corp
C00307488,Georgia Assn of Petroleum Retailers,"NA",Georgia Assn of Petroleum Retailers
C00308718,XTO Energy,"NA",XTO Energy
C00317735,Environmental Chemical Corp,"NA",Environmental Chemical Corp
C00318766,Independent Petroleum Assn of America; California Independent Petroleum Assn,Independent Petroleum Assn of America; NA,California Independent Petroleum Assn
C00319194,Georgia Oilmen's Assn,"NA",Georgia Oilmen's Assn
C00323196,Anadarko Petroleum; Union Pacific Resources Group,Anadarko Petroleum; NA,Anadarko Petroleum; Union Pacific Resources Group
C00323444,Oil Heat Institute of Long Island,"NA",Oil Heat Institute of Long Island
C00324483,Berkshire Hathaway; MidAmerican Energy,Berkshire Hathaway; MidAmerican Energy,MidAmerican Energy; Berkshire Hathaway Energy
C00325183,Tenneco Inc; El Paso Natural Gas,Tenneco Inc; NA,Tenneco Energy
C00326009,Electric Power Supply Assn,"NA",Electric Power Supply Assn
C00326306,Entergy Corp,Entergy Corp,Entergy Enterprises
C00326447,Petroleum Marketers Assn,Petroleum Marketers Assn,Alabama Oilmens Assn
C00326579,Allegheny Energy,Allegheny Energy,Allegheny Energy
C00326603,PG&E Corp,PG&E Corp,PG&E Gas Transmission Texas
C00328971,Integrated Waste Services Assn,"NA",Integrated Waste Services Assn
C00329201,Midstream Fuel Service,"NA",Midstream Fuel Service
C00330837,Wyoming Refining,"NA",Wyoming Refining
C00332734,Xcel Energy; New Century Energies,Xcel Energy; New Century Energies,Xcel Energy; New Century Energies
C00333534,Reliant Energy; CenterPoint Energy; Houston Industries,Reliant Energy; CenterPoint Energy; NA; Houston Industries,Reliant Energy; CenterPoint Energy; Entex
C00333625,Unisource Energy,"NA",Unisource Energy
C00335232,Allegheny Energy,Allegheny Energy,Allegheny Energy
C00335588,Water Systems Council,"NA",Water Systems Council
C00337808,OGE Energy,OGE Energy; NA,OGE Energy
C00337881,Oregon Gasoline Dealers Assn,"NA",Oregon Gasoline Dealers Assn
C00340836,National Ground Water Assn,"NA",National Ground Water Assn
C00341784,Peoples Energy; Integrys Energy Group,NA; Integrys Energy Group,Peoples Energy; Integrys Energy Group
C00342766,Frontier Oil; HollyFrontier Corp,"NA",Frontier Oil; HollyFrontier Corp
C00343988,KeySpan Energy; National Grid plc,KeySpan Energy; NA; National Grid plc,KeySpan Energy; National Grid USA
C00344226,Dominion Resources,Dominion Resources,Dominion Resources
C00350066,Conoco Inc; ConocoPhillips,NA; ConocoPhillips,Conoco Inc; ConocoPhillips
C00350363,Dynegy Inc,Dynegy Inc; NA,Dynegy Inc
C00350710,National Rural Electric Cooperative Assn,National Rural Electric Cooperative Assn,Georgia ACRE
C00352674,Great River Energy,"NA",Great River Energy
C00353169,Pennzoil-Quaker State,Pennzoil-Quaker State; NA,Pennzoil-Quaker State
C00354035,Natural Fuel Gas Co,"NA",Seneca Resources
C00354753,Devon Energy,"NA",Devon Energy
C00355719,USEC Inc,"NA",USEC Inc
C00358366,Tesoro Petroleum; Tesoro Corp; Marathon Petroleum,Tesoro Petroleum; NA; Marathon Petroleum,Tesoro Petroleum; Tesoro Corp; Andeavor
C00362640,Calpine Corp,"NA",Calpine Corp
C00363796,AES Eastern Energy,"NA",AES Eastern Energy
C00363879,Entergy Corp,Entergy Corp,Entergy Corp
C00365007,Mirant Corp,"NA",Mirant Corp
C00365502,McDermott International; Babcock & Wilcox; Babcock & Wilcox Enterprises,McDermott International; NA,Babcock & Wilcox Enterprises
C00366559,Xcel Energy; NRG Energy,Xcel Energy; NA; NRG Energy,NRG Energy
C00368092,National Rural Electric Cooperative Assn,National Rural Electric Cooperative Assn,Louisiana ACRE
C00371062,Caithness Energy,NA; Caithness Energy,Caithness Energy
C00375568,Tractebel North America; GDF Suez Energy North America; GDF SUEZ; ENGIE,"NA",Tractebel North America; GDF Suez Energy North America; ENGIE North America
C00376848,Syntroleum Corp,"NA",Syntroleum Corp
C00377754,Florida Municipal Electric Assn,"NA",Florida Municipal Electric Assn
C00379396,Panda Energy International,"NA",Panda Energy International
C00381020,Enron Corp; Portland General Electric,Enron Corp; NA,Portland General Electric
C00381954,Atmos Energy,"NA",Atmos Energy
C00383489,Public Service Enterprise Group,Public Service Enterprise Group; NA,Public Service Enterprise Group
C00385831,Southern Union Co,Southern Union Co,New England Gas Co
C00385849,PEPCO Holdings; Exelon Corp,PEPCO Holdings; Exelon Corp,PEPCO Holdings
C00387878,EnviroCare of Utah,"NA",EnviroCare of Utah
C00388462,"Kohlberg, Kravis et al; ITC Holdings; Fortis Inc",NA; Fortis Inc,International Transmission Co; ITC Holdings
C00388751,Headwaters Inc,"NA",Headwaters Inc
C00388983,Arcadis NV,NA; Arcadis NV,Arcadis G&M; Arcadis US
C00389288,Chesapeake Energy,"NA",Chesapeake Energy
C00390062,Missouri Farmers for Biodiesel,"NA",Missouri Farmers for Biodiesel
C00390989,Westar Energy; Evergy Inc,NA; Evergy Inc,Westar Energy; Evergy Inc
C00396085,Hannon Armstrong Capital,"NA",Hannon Armstrong Capital
C00398255,Aiken Electric Cooperative,"NA",Aiken Electric Cooperative
C00398545,Millennium Cell,"NA",Millennium Cell
C00402941,Great Plains Energy,Great Plains Energy,Strategic Energy
C00404079,PG&E Corp,PG&E Corp,PG&E Corp
C00406801,Energy East; Iberdrola SA,NA; Iberdrola SA,Energy East; Iberdrola USA; Avangrid
C00407635,Consolidated Edison Inc,Consolidated Edison Inc; NA,Consolidated Edison Inc
C00409565,National Ocean Industries Assn,"NA",National Ocean Industries Assn
C00410597,Siouxland Energy & Livestock Cooperative,"NA",Siouxland Energy & Livestock Cooperative
C00414169,Berkeley Electric Cooperative,"NA",Berkeley Electric Cooperative
C00414490,Golden Grain Energy,"NA",Golden Grain Energy
C00415026,National Petrochemical & Refiners Assn; American Fuel & Petrochem Manufacturers,"NA",National Petrochemical & Refiners Assn; American Fuel & Petrochem Manufacturers
C00418384,Midwest Grain Processors,"NA",Midwest Grain Processors
C00420950,Pioneer Natural Resources,"NA",Pioneer Natural Resources USA
C00421982,Solar Energy Industries Assn,"NA",Solar Energy Industries Assn
C00422352,PPM Energy; Iberdrola SA,NA; Iberdrola SA,PPM Energy; Iberdrola Renewables
C00426569,Independent Petroleum Assn/Mountn States; Western Energy Alliance,"NA",Independent Petroleum Assn/Mountn States; Western Energy Alliance
C00428748,Fuellcell Transport PAC,"NA",Fuellcell Transport PAC
C00429662,Duke Energy; Spectra Energy; Enbridge Inc,Duke Energy; NA,Duke Energy; Spectra Energy
C00430157,Cheniere Energy,"NA",Cheniere Energy
C00431270,National Biodiesel Board,"NA",National Biodiesel Board
C00431932,EnCana Corp,"NA",EnCana Oil & Gas USA
C00434142,Renewable Energy Systems,"NA",Renewable Energy Systems Americas
C00436923,Excelsior Energy,"NA",Excelsior Energy
C00437020,Envires LLC,"NA",Envires LLC
C00437244,Invenergy LLC,"NA",Invenergy LLC
C00438754,Energy Transfer Equity,NA; Energy Transfer Equity,Energy Transfer Partners
C00438978,Iowa Renewable Fuels Assn,"NA",Iowa Renewable Fuels Assn
C00440651,Denbury Resources,"NA",Denbury Resources
C00441196,Renewable Energy for America PAC,"NA",Renewable Energy for America PAC
C00442707,Integrys Energy Group,Integrys Energy Group; NA,Integrys Energy Group
C00443523,Newfield Exploration Co,"NA",Newfield Exploration Co
C00443895,Western Iowa Energy,"NA",Western Iowa Energy
C00444430,Oklahoma Independent Petroleum Assn,"NA",Oklahoma Independent Petroleum Assn
C00445304,Ausra Inc,"NA",Ausra Inc
C00450270,Green Earth Fuels,"NA",Green Earth Fuels
C00450692,Poet LLC,"NA",Poet LLC
C00451575,Sunpower Corp; Total SA,"NA",Sunpower Corp
C00452292,Atlas Oil,"NA",Atlas Oil
C00452755,EDP Renovaveis; EDP - Energias de Portugal,"NA",Horizon Wind Energy; EDP Renewables NA
C00452805,International Power,"NA",International Power America
C00453563,Missouri Renewable Fuels Assn,"NA",Missouri Renewable Fuels Assn
C00454850,Little Sioux Corn Processors,"NA",LSCP LP; Little Sioux Corn Processors
C00454868,Central Iowa Energy,"NA",Central Iowa Energy
C00455048,Absolute Energy,"NA",Absolute Energy
C00455147,Exco Resources,"NA",Exco Resources
C00455535,Iowa Renewable Energy,"NA",Iowa Renewable Energy
C00455626,Lincolnway Energy,"NA",Lincolnway Energy
C00455873,Amaizing Energy,"NA",Amaizing Energy
C00456277,Western Dubuque Biodiesel               ; Western Dubuque Biodiesel,"NA",Western Dubuque Biodiesel
C00460493,LA County Assn/Environmental Health Spec,"NA",LA County Assn/Enviro Health Specialists
C00465278,Verenium Corp,"NA",Verenium Corp
C00466458,Secure Energy for America Assn,NA; Secure Energy for America Assn,Secure Energy for America Assn
C00470872,Energy Conversion Devices,"NA",Energy Conversion Devices
C00472308,Chevron Corp,Chevron Corp,Atlas Energy
C00475590,Converteam Holdings North America,"NA",Converteam Holdings North America
C00475665,Growth Energy,"NA",Growth Energy
C00478685,Energy Future Holdings Corp,Energy Future Holdings Corp,Energy Future Holdings Corp
C00479873,Noble Energy,"NA",Noble Energy
C00479998,Tenaska Energy,"NA",Tenaska Inc
C00480210,Calera Corp Blue Planet,"NA",Calera Corp Blue Planet
C00480939,ONEOK Inc,ONEOK Inc,Oklahoma Natural Energy; OKLAHOMA NATURAL ENERGY (ONE) POLITICAL ACTION COM
C00481192,Whiting Petroleum Corp,"NA",Whiting Petroleum Corp
C00482182,Ohio Petroleum Marketers & Convenience,"NA",Ohio Petroleum Marketers & Convenience
C00483677,American Petroleum Institute,"NA",American Petroleum Institute
C00483891,Clean Economy Network; Advanced Energy Economy,"NA",Clean Economy Network; Advanced Energy Economy
C00483974,Plymouth Energy,"NA",Plymouth Energy
C00484592,National Biodiesel Board,"NA",National Biodiesel Board
C00484725,Domestic Energy Producers Alliance,"NA",Domestic Energy Producers Alliance
C00485250,America's Natural Gas Alliance,"NA",America's Natural Gas Alliance
C00485730,QEP Resources,"NA",QEP Resources
C00486050,Cabot Oil & Gas,"NA",Cabot Oil & Gas
C00487447,Energy Future Holdings Corp; Vistra Energy,Energy Future Holdings Corp; Vistra Energy,Oncor Electric Delivery
C00487769,Southwest Iowa Renewable Energy,"NA",Southwest Iowa Renewable Energy
C00488080,National Stripper Well Assn,"NA",National Stripper Well Assn
C00489070,International Liquid Terminals Assn,"NA",International Liquid Terminals Assn
C00489302,SunRun Inc; Sunrun Inc,"NA",SunRun Inc; Sunrun Inc
C00489468,Markwest Energy Partners,"NA",Markwest Energy Partners
C00489534,First Solar,"NA",First Solar
C00490441,Bill Barrett Corp,"NA",Bill Barrett Corp
C00490904,Everpower Wind Holding,"NA",Everpower Wind Holding
C00491381,Gradient Resources,"NA",Gradient Resources
C00491696,GenOn Energy; NRG Energy,NA; NRG Energy,GenOn Energy
C00492397,Amonix Inc,"NA",Amonix Inc
C00494666,Abengoa SA,"NA",Abengoa Solar
C00494716,Terra-Gen Power,"NA",Terra-Gen Power
C00495929,US Transportation Energy & Technology Alliance,"NA",US Transportation Energy & Technology Alliance
C00496307,Marathon Petroleum,NA; Marathon Petroleum,Marathon Petroleum
C00496752,Enterprise Products Partners,"NA",Enterprise Products Partners
C00499657,American Independent Energy PAC,"NA",American Independent Energy PAC
C00500033,Efficient America PAC,"NA",Efficient America PAC
C00502518,WPX Energy,"NA",WPX Energy
C00502914,Centrica US Holdings,"NA",Direct Energy Inc
C00507962,AES Corp,AES Corp,AES Corp
C00510016,Targa Resources Corp,"NA",Targa Resources Corp
C00513549,Phillips 66,"NA",Phillips 66
C00513671,Enervest Ltd,"NA",EVOC Regulatory Services
C00518910,Renewable Fuels Assn,"NA",Renewable Fuels Assn
C00520569,SolarCity Inc; Tesla Motors,NA; Tesla Motors,SolarCity Inc
C00520643,Tlingit-Haida Central Council,Tlingit-Haida Central Council,Sealaska Corp
C00523225,Cumberland Farms,"NA",Cumberland Farms
C00523233,EDF Group,"NA",EDF Renewable Energy
C00524769,Uns Energy Corp; Fortis Inc,NA; Fortis Inc,Uns Energy Corp
C00525055,Transcanada Corp,NA; Transcanada Corp,Transcanada USA Services
C00528042,Brookfield Corp,"NA",BROOKFIELD US CORPORATION FEDERAL PAC             
C00536466,Renewable Energy Group,"NA",Renewable Energy Group
C00541706,Excelerate Energy,"NA",Excelerate Energy
C00542092,Concho Resources,"NA",Concho Resources
C00545319,Dominion Resources,Dominion Resources,Dominion Resources; Dominion Energy/Connecticut
C00548164,Proliance Energy,"NA",Proliance Energy
C00551184,Continental Resources,"NA",Continental Resources
C00554444,ONE Gas,"NA",ONE Gas
C00554691,Kentucky Oil & Gas Assn,"NA",Kentucky Oil & Gas Assn
C00555276,Distributed Wind Energy Assn,"NA",Distributed Wind Energy Assn
C00557322,Hess Corp,"NA",Hess Corp
C00558411,US Venture Inc,"NA",US Venture Inc
C00558718,Genie Energy,"NA",Genie Energy
C00558759,PDC Energy,"NA",PDC Energy
C00559542,National Assn of Royalty Owners,"NA",National Assn of Royalty Owners
C00560078,Secure Energy for America Assn,Secure Energy for America Assn; NA,Secure Energy for America Assn
C00563585,Jordan Cove Energy Project,"NA",Jordan Cove Energy Project
C00564575,Valley Electric Assn,"NA",Valley Electric Assn
C00565309,Mitsubishi Hitachi Power Systems,"NA",Mitsubishi Hitachi Power Systems
C00569095,OwnEnergy Inc,"NA",OwnEnergy Inc
C00575340,TransCanada Corp,TransCanada Corp,Columbia Pipeline Group
C00577072,Babcock & Wilcox Enterprises,"NA",Babcock & Wilcox Enterprises
C00577155,Apex Clean Energy,"NA",Apex Clean Energy
C00579367,Vistra Energy,Vistra Energy,Dynegy Inc
C00580654,Gulfport Energy,"NA",Gulfport Energy
C00590265,Veresen Inc,"NA",Jordan Cove LNG
C00608323,Atlas Properties,Atlas Properties,Brightergy LLC
C00608331,GPA Midstream Assn,"NA",GPA Midstream Assn
C00610782,Southern Co,Southern Co,Gulf Power
C00613133,Delta Air Lines,Delta Air Lines,Monroe Energy
C00620914,Enable Midstream Partners,"NA",Enable Midstream Partners
C00621011,Plug Power Inc,"NA",Plug Power Inc
C00624643,Water Quality Assn,"NA",Water Quality Assn
C00624833,Americans for Electricity Choice Action,"NA",Americans for Electricity Choice Action
C00629410,Cypress Creek Renewables,"NA",Cypress Creek Renewables
C00632588,8Minutenergy Renewables,"NA",8Minutenergy Renewables
C00635516,Tellurian Inc,"NA",Tellurian Inc
C00635615,Caithness Energy,Caithness Energy,Caithness Services
C00637322,Par Pacific Holdings,"NA",Par Pacific Holdings
C00646992,World Energy Inc,"NA",World Energy Inc
C00658831,Siouxland Ethanol,"NA",Siouxland Ethanol
C00660902,CNX Resources,"NA",CNX Resources
C00660928,Energy Freedom Advocates,"NA",Energy Freedom Advocates
C00670141,Magnolia LNG,"NA",Magnolia LNG
C00677757,Coalition for Renewable Natural Gas,"NA",Coalition for Renewable Natural Gas
C00679902,Canadian Solar,"NA",Recurrent Energy
C00683383,Vivint Solar,"NA",Vivint Solar
C00684506,Calista Corp,"NA",Yukon Kusko PAC
C00686949,Pattern Energy Group,"NA",Pattern Energy Group
C00688606,Equitrans Midstream Corp,"NA",Equitrans Midstream Corp
C30001176,American Energy Alliance,"NA",American Energy Alliance
C70005079,Koch Industries,Koch Industries,Koch Industries
C70005384,Tlingit-Haida Central Council,Tlingit-Haida Central Council,Sealaska Corp
C70005764,National Rural Electric Cooperative Assn,National Rural Electric Cooperative Assn,National Rural Electric Cooperative Assn
C90012212,Tlingit-Haida Central Council,Tlingit-Haida Central Council,Sealaska Corp; Sealaska Corporation                              
C90012543,Tanana Chiefs Conference,"NA",Doyon Ltd
C90013384,Dominick Dalbo,"NA",Dominick Dalbo; Dominick Dalbo                                    
C90015207,Fuels America,"NA",Fuels America
C90016155,American Wind Action,"NA",American Wind Action
