ID,company_short,company,n
20041018-0032,NOT A COMPANY?,Army Corps of Engineer,37
20041018-0032,NOT A COMPANY?,Environmental Protection Agency,37
20041018-0032,NOT A COMPANY?,Department of Interior,37
20040813-0003,NOT A COMPANY?,"Energy,",37
20040702-0083,NOT A COMPANY?,N/A,37
20020509-0028,NOT A COMPANY?,Regional Transmission Organization West,37
20020509-0027,NOT A COMPANY?,Regional Transmission Organization West,37
20020506-0005,NOT A COMPANY?,Regional Transmission Organization West,37
20020117-0167,NOT A COMPANY?,Army Corps of Engineers,37
20020117-0166,NOT A COMPANY?,Army Corps of Engineers,37
20020102-0092,NOT A COMPANY?,Army Corps of Engineers,37
20020102-0089,NOT A COMPANY?,Congressional Black Caucus,37
20010713-0475,NOT A COMPANY?,FERC,37
20000828-0077,NOT A COMPANY?,Natural Gas,37
20170621-0007,NOT A COMPANY?,FERC Project No. 12569,37
20141121-0009,NOT A COMPANY?,NO,37
20140618-0037,NOT A COMPANY?,Hydropower Project at Pike Island Locks and Dam,37
20040701-0067,NOT A COMPANY?,N/A,37
20040322-0269,NOT A COMPANY?,Natural Gas,37
20040312-0255,NOT A COMPANY?,NO,37
20040217-0006,NOT A COMPANY?,Liquid Natural Gas,37
20040217-0004,NOT A COMPANY?,Liquid Natural Gas,37
20020102-0289,NOT A COMPANY?,Clean Water Act,37
20011221-0109,NOT A COMPANY?,Clean Water Act,37
20011016-0207,NOT A COMPANY?,Clean Water Act,37
20010928-0114,NOT A COMPANY?,Clean Water Act,37
20010917-0169,NOT A COMPANY?,Clean Water Act,37
20010917-0158,NOT A COMPANY?,Clean Water Act,37
20010820-0181,NOT A COMPANY?,Clean Water Act,37
20010820-0177,NOT A COMPANY?,Clean Water Act,37
20010820-0174,NOT A COMPANY?,Clean Water Act,37
20010820-0145,NOT A COMPANY?,Clean Water Act,37
20010806-0619,NOT A COMPANY?,Clean Water Act,37
20010726-0428,NOT A COMPANY?,Clean Water Act,37
20010709-0275,NOT A COMPANY?,Clean Water Act,37
20010709-0274,NOT A COMPANY?,Clean Water Act,37
20000828-0070,NOT A COMPANY?,Natural Gas Pipeline Project,37
20151124-0021,Atlantic Coast,"Atlantic Coast Pipeline,",21
20150507-0015,Atlantic Coast,Atlantic Coast Pipeline,21
20150430-0037,Atlantic Coast,Atlantic Coast Pipeline,21
20180731-0107,Atlantic Coast,Atlantic Coast Pipeline Project,21
20180726-5029,Atlantic Coast,Atlantic Coast Pipeline Project,21
20180720-0008,Atlantic Coast,Atlantic Coast Pipeline,21
20180515-0006,Atlantic Coast,Atlantic Coast Pipeline,21
20180511-0008,Atlantic Coast,Atlantic Coast Pipeline,21
20180330-0012,Atlantic Coast,Atlantic Coast Pipeline,21
20180216-0014,Atlantic Coast,Atlantic Coast Pipeline,21
20180111-0006,Atlantic Coast,Atlantic Coast Pipeline,21
20170921-0021,Atlantic Coast,Atlantic Coast Pipeline,21
20170915-0007,Atlantic Coast,Atlantic Coast Pipeline,21
20170714-4014(partial),Atlantic Coast,Atlantic Coast Pipeline,21
20170214-0133,Atlantic Coast,Atlantic Coast Pipeline project,21
20151211-0026,Atlantic Coast,Atlantic Coast Pipeline,21
20151124-0021,Atlantic Coast,Atlantic Coast Pipeline Project,21
20141112-0113,Atlantic Coast,Atlantic Coast Pipeline Project,21
20141104-0024,Atlantic Coast,Atlantic Coast Pipeline Project,21
20141024-0023,Atlantic Coast,Proposed Atlantic Coast Pipeline,21
20141020-4009,Atlantic Coast,Atlantic Coast Pipeline,21
20170809-0032,Jordan Cove,Jordan Cove LNG,17
20160519-0010,Jordan Cove,Jordan Cove,17
20160419-0011,Jordan Cove,Jordan Cove,17
20160419-0010,Jordan Cove,Jordan Cove,17
20160413-0017,Jordan Cove,Jordan Cove,17
20160411-0008,Jordan Cove,Jordan Cove,17
20150402-0007,Jordan Cove,Jordan Cove,17
20150115-0026,Jordan Cove,Jordan Cove,17
20170809-0032,Jordan Cove,Jordan Cove,17
20170802-0032,Jordan Cove,Jordan Cove project,17
20170712-0125,Jordan Cove,Jordan Cove project,17
20170712-0119,Jordan Cove,Jordan Cove project,17
20170707-0013,Jordan Cove,Jordan Cove project,17
20150323-0006,Jordan Cove,Environmental Impact Statement(EIS) for the Jordan Cove Project,17
20141229-0087,Jordan Cove,Jordan Cove Liquefaction,17
20120816-0006,Jordan Cove,Jordan Cove,17
20091028-0041,Jordan Cove,Jordan Cove,17
20170809-0032,Pacific Connector,Pacific Connector Gas Pipeline project,15
20170802-0032,Pacific Connector,Pacific Connector Gas Pipeline project,15
20170728-0018,Pacific Connector,Pacific Connector Gas Pipeline project,15
20170712-0125,Pacific Connector,Pacific Connector Gas Pipeline project,15
20170712-0119,Pacific Connector,Pacific Connector Gas Pipeline project,15
20170707-0013,Pacific Connector,Pacific Connector Gas Pipeline project,15
20160519-0010,Pacific Connector,Pacific Connector Gas Pipeline Project,15
20160419-0011,Pacific Connector,Pacific Connector Gas Pipeline Project,15
20160419-0010,Pacific Connector,Pacific Connector Gas Pipeline Project,15
20160411-0008,Pacific Connector,Pacific Connector Gas Pipeline Project,15
20150402-0007,Pacific Connector,Pacific Connector Gas Pipeline Project,15
20150115-0026,Pacific Connector,Pacific Connector Gas Pipeline Project,15
20141229-0087,Pacific Connector,Pacific Connector Pipeline project,15
20120816-0006,Pacific Connector,Pacific Connector Project,15
20091028-0041,Pacific Connector,Pacific Connector Gas Pipeline,15
20171129-0011,Columbia Gas,"Columbia Gas Transmission,",12
20171012-0012,Columbia Gas,"Columbia Gas Transmission,",12
20170615-0007,Columbia Gas,Columbia Gas Transmission,12
20160506-0033,Columbia Gas,Columbia Gas Transmission,12
20160315-0013,Columbia Gas,Columbia Gas Transmission,12
20160222-0007,Magnolia LNG,Magnolia LNG,12
20160209-0024,Magnolia LNG,Magnolia LNG,12
20160129-0008,Magnolia LNG,Magnolia LNG,12
20160119-0008,Columbia Gas,Columbia Gas Transmission,12
20151103-0008,Columbia Gas,Columbia Gas Transmission,12
20151103-0007,Columbia Gas,Columbia Gas Transmission,12
20150320-0022,Magnolia LNG,Magnolia LNG,12
20150311-0010,Magnolia LNG,Magnolia LNG,12
20150224-0014,Columbia Gas,Columbia Gas,12
20140710-0007,Magnolia LNG,"Magnolia LNG,",12
20040305-0198,Columbia Gas,Columbia Gas Transmission Corporation,12
20020403-0770,Columbia Gas,Columbia Gas,12
20160222-0007,Magnolia LNG,Magnolia LNG project,12
20160129-0008,Magnolia LNG,Magnolia LNG project,12
20150320-0022,Magnolia LNG,Magnolia LNG Project,12
20150311-0010,Magnolia LNG,Magnolia LNG Project,12
20150129-0016,Columbia Gas,"Columbia Gas Transmission,",12
20140710-0007,Magnolia LNG,Magnolia LNG Project,12
20130723-0066,Magnolia LNG,Magnolia LNG project,12
20150625-0019,Algonquin,Algonquin Gas Transmission,11
20150625-0019,Algonquin,Algonquin Construction,11
20101028-0010,Algonquin,Algonquin,11
20030313-0211,Algonquin,Algonquin Gas Transmission,11
20020129-0053,Algonquin,"Maritimes & Northeast Pipeline, L.L.C. and Algonquin Gas Transmission",11
20011019-0138,Algonquin,"Maritimes and Northeast Pipeline, L.L.C./Algonquin Gas Transmission",11
20011002-0661,Algonquin,"Maritimes and Northeast Pipeline, L.L.C./Algonquin Gas Transmission",11
20010709-0377,Algonquin,Algonquin and Texas Eastern Authority,11
20151223-0021,Algonquin,Algonquin,11
20150126-0032,Algonquin,Algonquin,11
20030313-0211,Algonquin,Algonquin Hubline Phase II Project,11
20160715-0011,PennEast,PennEast,9
20160629-0006,Mountain Valley,Mountain Valley Pipeline,9
20160309-0012,PennEast,PennEast,9
20151022-0039,PennEast,PennEast Pipeline,9
20180814-0008,Mountain Valley,Mountain Valley Pipeline Project,9
20180731-0107,Mountain Valley,Mountain Valley Pipeline Project,9
20180726-5029,Mountain Valley,Mountain Valley Pipeline Project,9
20180330-0012,Mountain Valley,Mountain Valley Pipeline,9
20180111-0006,Mountain Valley,Mountain Valley Pipeline,9
20171020-0014,Mountain Valley,Mountain Valley Pipeline project,9
20160921-0008,PennEast,PennEast Pipeline Project,9
20160913-0008,PennEast,PennEast Pipeline Project,9
20160909-0033,Mountain Valley,Mountain Valley Pipeline,9
20160801-0067,PennEast,PennEast Pipeline Project,9
20160715-0011,PennEast,PennEast Pipeline,9
20160309-0012,PennEast,"PennEast Pipeline Project, Docket No. CP15-558-000",9
20151211-0026,Mountain Valley,Mountain Valley Pipeline,9
20151022-0039,PennEast,PennEast pipeline project,9
20160908-0008,Spectra,"Spectra
Energy.",8
20160602-0013,Spectra,Spectra,8
20151223-0021,Spectra,Spectra,8
20150302-0021,Spectra,Spectra,8
20150129-0031,Spectra,Spectra Energey,8
20131009-0016,Spectra,Spectra,8
20120210-0001,Spectra,Spectra,8
20120113-0002,Spectra,Spectra,8
20020204-0160,California Independent System Operator,California Independent System Operator,8
20011221-0264,California Independent System Operator,California Independent System Operator,8
20011221-0259,California Independent System Operator,California Independent System Operator,8
20011019-0074,California Independent System Operator,California Independent System Operator,8
20011011-0121,California Independent System Operator,California Independent System Operator,8
20011005-0027,California Independent System Operator,California Independent System Operator,8
20011005-0019,California Independent System Operator,California Independent System Operator,8
20011005-0005,California Independent System Operator,California Independent System Operator,8
20180411-0025,Dominion,Dominion,7
20171020-0018,Dominion,Dominion,7
20170809-0029,Grand River Dam Authority,Grand River Dam Authority,7
20170807-0007,Grand River Dam Authority,Grand River Dam Authority,7
20170802-0028,Grand River Dam Authority,Grand River Dam Authority,7
20160826-0013,Grand River Dam Authority,Grand River Dam Authority,7
20160803-0011,Grand River Dam Authority,Grand River Dam Authority,7
20160729-0009,Grand River Dam Authority,Grand River Dam Authority,7
20151211-0026,Dominion,Dominion Virginia Power,7
20150804-0014,Grand River Dam Authority,Grand River Dam Authority,7
20080619-0123,Dominion,"Dominion Transmission,",7
20061006-0193,Straight Creek Gathering,"Straight Creek Gathering, LP",7
20061006-0191,Straight Creek Gathering,"Straight Creek Gathering, LP",7
20060714-0049,Straight Creek Gathering,Straight Creek Gathering LP,7
20060628-0147,Straight Creek Gathering,"Straight Creek Gathering, LP",7
20060622-0084,Straight Creek Gathering,"Straight Creek Gathering, LP",7
20060621-0127,Straight Creek Gathering,"Straight Creek Gathering, LP",7
20040512-0200,Hydroelectric,Hydroelectric project,7
20020521-0018,Dominion,Dominion Resources,7
20160129-0074,Hydroelectric,Hydroelectric Project No. 10489-014,7
20140606-0010,Dominion,Dominion Cove Point Project,7
20140428-0006,Dominion,Dominion Cove Point LNG Project,7
20061030-0133,Straight Creek Gathering,Straight Creek Gathering Project,7
20040616-0041,Hydroelectric,Hydroelectric project,7
20040604-0024,Hydroelectric,Hydroelectric project,7
20040206-0074,Hydroelectric,Hydroelectric project,7
20030606-0057,Hydroelectric,Hydroelectric Project,7
20000811-0292,Hydroelectric,Hydroelectric Project,7
20180523-0014,Spire STL,Spire STL Pipeline,6
20180515-4002,Spire STL,Spire STL Pipeline,6
20180223-0008,Spire STL,Spire STL Pipeline,6
20170203-0029,Nexus,NEXUS,6
20140416-0025,Cheniere,Cheniere,6
20100910-0040,Cheniere,Cheniere,6
20040701-0068,Cheniere,Cheniere,6
20020930-0275,Nebraska Public Power District,Nebraska Public Power District,6
20020910-0211,Nebraska Public Power District,Nebraska Public Power District,6
20020903-2100,Nebraska Public Power District,Nebraska Public Power District,6
20020820-0004,Nebraska Public Power District,Nebraska Public Power District,6
20180523-0014,Spire STL,Spire STL Pipeline Project,6
20180515-4002,Spire STL,Spire STL Pipeline Project,6
20180223-0008,Spire STL,Spire STL Pipeline Project,6
20171020-0015,Nexus,NEXUS Gas Transmission pipeline project,6
20170203-0029,Nexus,Nexus Natural Gas Pipeline Project,6
20160908-0008,Nexus,NEXUS Gas Transmission pipeline project,6
20150603-0093,Cheniere,Cheniere,6
20150302-0021,Nexus,NEXUS Pipeline,6
20150129-0031,Nexus,NEXUS Gas Transmission Project,6
20141024-0020,Cheniere,Cheniere,6
20080424-0031,Meldahl Hydroelectric,Meldahl Hydroelectric Project,6
20070507-0107,Meldahl Hydroelectric,Meldahl Hydroelectric Project,6
20060918-0297,Meldahl Hydroelectric,Meldahl Hydroelectric Project,6
20060810-0070,Meldahl Hydroelectric,Meldahl Hydroelectric Project,6
20060802-0124,Meldahl Hydroelectric,Meldahl Hydroelectric Project,6
20060725-0049,Meldahl Hydroelectric,Meldahl Hydroelectric Project,6
20040423-0053,Cheniere,Cheniere,6
20020903-2100,Nebraska Public Power District,"Nebraska Public Power District, Project 1835",6
20020820-0004,Nebraska Public Power District,"Nebraska Public Power District, Project 1835",6
20171208-0016,Duke,Duke,5
20160523-0008,Duke,Duke,5
20150430-0038,Tennessee Gas,Tennessee Gas Pipeline,5
20141006-0054,Tennessee Gas,Tennessee Gas Pipeline,5
20130725-0017,Nevada Power,Nevada Power,5
20080626-0022,Nevada Power,Nevada Power,5
20070507-0107,City of Hamilton,City of Hamilton,5
20060810-0070,City of Hamilton,City of Hamilton,5
20060802-0124,City of Hamilton,City of Hamilton,5
20060725-0049,City of Hamilton,City of Hamilton,5
20060714-0019,City of Hamilton,City of Hamilton,5
20040702-0082,Nevada Power,Nevada Power,5
20031120-0152,Nevada Power,Nevada Power,5
20031105-0382,Nevada Power,Nevada Power,5
20021008-0082,Duke,Duke,5
20020617-0403,Duke,Duke,5
20010712-0179,Woodstone Toronto Development,"Woodstone Toronto Development,",5
20010709-0265,Woodstone Toronto Development,"Woodstone Toronto Development,",5
20010622-0315,Woodstone Toronto Development,"Woodstone Toronto Development,",5
20010621-0392,Woodstone Toronto Development,"Woodstone Toronto Development,",5
20010402-0103,Woodstone Toronto Development,Woodstone Toronto Development,5
20001229-0112,Duke,Duke,5
20000918-0279,Millennium,Millennium Pipeline,5
20121012-0033,Millennium,Millennium Pipeline,5
20120919-0029,Tennessee Gas,Tennessee Gas Northeast Upgrade Project,5
20110927-0125,Wells Hydroelectric,Wells Hydroelectric Project,5
20110719-0004,Wells Hydroelectric,Wells Hydroelectric Project,5
20040625-0012,Box Canyon,Box Canyon Projects,5
20040618-0014,Box Canyon,Box Canyon Project,5
20040610-0033,Box Canyon,Box Canyon Project,5
20040202-0157,Wells Hydroelectric,Wells Hydroelectric Project,5
20040116-0240,Wells Hydroelectric,Wells Hydroelectric Project,5
20040115-0081,Wells Hydroelectric,Wells Hydroelectric Projects,5
20020522-0216,Toledo Bend Dam,Toledo Bend Dam,5
20020521-0383,Toledo Bend Dam,Toledo Bend Dam,5
20020521-0223,Toledo Bend Dam,Toledo Bend Dam,5
20020521-0202,Toledo Bend Dam,Toledo Bend Dam,5
20020509-0159,Box Canyon,Box Canyon Project,5
20020509-0157,Box Canyon,Box Canyon Project,5
20020403-0706,Toledo Bend Dam,Toledo Bend Dam,5
20020315-0274,Tennessee Gas,Tennessee Gas Pipeline,5
20020301-0098,Tennessee Gas,Tennessee Gas Pipeline,5
20000918-0272,Millennium,Millennium Pipeline Project,5
20000718-0775,Millennium,Millennium Pipeline Project,5
20000718-0774,Millennium,Millennium Pipeline project,5
20180227-0006,Woodland Pulp,Woodland Pulp,4
20180209-0006,Woodland Pulp,Woodland Pulp,4
20171020-0019,Transcontinental,Transcontinental Gas Pipe Line,4
20170912-0089,Woodland Pulp,Woodland Pulp,4
20160111-0040,UGI Sunbury,UGI Sunbury,4
20151224-0006,UGI Sunbury,UGI Sunbury,4
20150713-0038,UGI Sunbury,UGI Sunbury,4
20150415-0067,UGI Sunbury,"UGI Sunbury,LLC",4
20110816-0036,Transcontinental,Transcontinental Gas Pipeline,4
20110218-0026,FreePort LNG,FreePort LNG,4
20110218-0024,FreePort LNG,FreePort LNG,4
20110214-5117,FreePort LNG,FreePort LNG,4
20110214-5104,FreePort LNG,FreePort LNG,4
20031120-0105,Cheyenne Plains,Cheyenne Plains Gas Pipeline,4
20031030-0046,Cheyenne Plains,Cheyenne Plains Gas Pipeline,4
20031010-0098,Cheyenne Plains,Cheyenne Plains Gas Pipeline,4
20031010-0079,Cheyenne Plains,Cheyenne Plains Gas Pipeline,4
20030623-0120,Greenbrier,Greenbrier Pipeline Corporation,4
20030320-0389,Greenbrier,Greenbrier Pipeline,4
20000828-0092,Transcontinental,Transcontinental Gas Pipeline Corporation,4
20000828-0051,Transcontinental,Transcontinental Pipeline Corporation,4
20181214-0008,Rio Grande LNG,Rio Grande LNG Project,4
20181207-0009,Rio Grande LNG,Rio Grande LNG Project,4
20181204-0007,Rio Grande LNG,Rio Grande LNG Project,4
20181108-0011,Driftwood LNG,Driftwood LNG project,4
20181105-0011,Driftwood LNG,Driftwood LNG project,4
20181105-0010,Driftwood LNG,Driftwood LNG project,4
20181031-0010,Driftwood LNG,Driftwood LNG project,4
20180531-0008,Rio Grande LNG,Rio Grande LNG Project,4
20160105-0021,Northeast,Northeast,4
20150518-0133,Northeast,Northeast,4
20150430-0038,Northeast,Northeast,4
20150204-0011,Northeast,Northeast,4
20110629-0001,Woodland Pulp,Woodland Pulp,4
20110218-0026,Expansion of Freeport LNG on Quintana Island,"Expansion of Freeport LNG on Quintana Island, Texas",4
20110218-0024,Expansion of Freeport LNG on Quintana Island,"Expansion of Freeport LNG on Quintana Island, Texas",4
20110214-5117,Expansion of Freeport LNG on Quintana Island,"Expansion of Freeport LNG on Quintana Island, Texas",4
20110214-5104,Expansion of Freeport LNG on Quintana Island,"Expansion of Freeport LNG on Quintana Island, Texas",4
20040525-0094,Greenbrier,Greenbrier Pipeline Project,4
20040423-0071,Housatonic River,Housatonic River Project,4
20040423-0012,Housatonic River,Housatonic River Project,4
20040305-0128,Housatonic River,Housatonic River Project,4
20030612-0044,Greenbrier,Greenbrier Pipeline Project,4
20021008-0082,Patriot,The Patriot Project,4
20020930-0222,Patriot,Patriot Project,4
20020815-0570,Housatonic River,Housatonic River Project,4
20020702-0067,Patriot,Patriot Project,4
20020604-0497,Patriot,Patriot Pipeline Envionmental Impact Report,4
20010712-0179,Swinging Bridge,Swinging Bridge Project,4
20010709-0265,Swinging Bridge,Swinging Bridge Project,4
20010622-0315,Swinging Bridge,Swinging Bridge Project,4
20010621-0392,Swinging Bridge,Swinging Bridge Project,4
20000828-0331,Guardian,Guardian Pipeline Project,4
20000828-0324,Guardian,Guardian Pipeline Project,4
20000828-0316,Guardian,Guardian Pipeline Project,4
20000803-0321,Guardian,Guardian Pipeline project,4
20181109-0007,Tellurian,Tellurian,3
20181105-0012,Tellurian,Tellurian,3
20181105-0011,Tellurian,Tellurian,3
20180622-0007,Denver Water,Denver Water,3
20180418-0021,Boyce Hydro,Boyce Hydro,3
20180411-0024,Denver Water,Denver Water,3
20170802-0030,Pacific Gas and Electric,Pacific Gas and Electric Co,3
20170404-0473,Denver Water,Denver Water,3
20161018-0008,PacifiCorp,PacifiCorp,3
20160831-0049,Boyce Hydro,Boyce Hydro,3
20160115-0006,GB,GB,3
20160111-0039,GB,GB,3
20150508-0016,Pacific Gas and Electric,Pacific Gas and Electric,3
20140801-0009,Puerto Rico Electric Power Authority,Puerto Rico Electric Power Authority,3
20140724-0012,Puerto Rico Electric Power Authority,Puerto Rico Electric Power Authority,3
20140724-0011,Puerto Rico Electric Power Authority,Puerto Rico Electric Power Authority,3
20140716-0028,American Midstream Partners,American Midstream Partners,3
20140716-0024,Erie Power,"Erie Power,",3
20140714-0073,Erie Power,"Erie Power,",3
20140707-0015,Erie Power,"Erie Power,",3
20140619-0006,GB,GB,3
20140416-0023,American Midstream Partners,"American Midstream Partners LP
(AMP)",3
20140409-0026,American Midstream Partners,"American Midstream Partners,",3
20130812-0005,Alabama Power,Alabama Power,3
20101223-0003(partial),Placer County Water Agency,Placer County Water Agency,3
20100318-0017,Ruby,Ruby Pipeline,3
20100308-0002,Boyce Hydro,Boyce Hydro,3
20091026-0249,Placer County Water Agency,Placer County Water Agency,3
20090928-0063,Gundersen Lutheran Hydro,"Gundersen Lutheran Hydro,",3
20090811-0007,Gundersen Lutheran Hydro,"Gundersen Lutheran Hydro,",3
20090716-0037,Gundersen Lutheran Hydro,"Gundersen Lutheran Hydro,",3
20090716-0034,Placer County Water Agency,Placer County Water Agency,3
20090508-0083,Pacific Gas and Electric,Pacific Gas and Electric,3
20080722-0163(partial),Essex Hydro,Essex Hydro,3
20080709-0043,Essex Hydro,Essex Hydro,3
20080611-0082(partial),Essex Hydro,Essex Hydro,3
20071231-0066,New York Independent System Operator,"New York Independent System Operator,",3
20061130-0105,Shangri-La Marina,"Shangri-La Marina Group,",3
20061127-0105,Shangri-La Marina,"Shangri-La Marina Group,",3
20061106-0120,Shangri-La Marina,"Shangri-La Marina Group,",3
20060628-0052,Classis Development,Classis Development Corporation,3
20060628-0052,Biron Licensee,"Biron Licensee Group,",3
20060615-0257,Classis Development,Classis Development Corporation,3
20060615-0257,Biron Licensee,"Biron Licensee Group,",3
20060613-0067,Classis Development,Classis Development Corporation,3
20060613-0067,Biron Licensee,"Biron Licensee Group,",3
20040728-0251,El Paso,El Paso Corporation,3
20040723-0183,El Paso,El Paso Corporation,3
20040716-0364,Weaver's Cove,Weaver's Cove,3
20040525-0113,NRG McClain,NRG McClain,3
20040511-0052,NRG McClain,NRG McClain,3
20040511-0051,NRG McClain,NRG McClain,3
20031120-0152,Enron,"Enron Power Marketing,",3
20031105-0382,Enron,"Enron Power Marketing,",3
20031010-0098,El Paso,El Paso Corporation,3
20030716-0209,Enron,Enron,3
20020923-0130,New York Independent System Operator,New York Independent System Operator,3
20020716-0467,Alabama Power,Alabama Power,3
20020318-0146,Islander East,Islander East Pipeline,3
20020117-0096,Florida Gas Transmission,Florida Gas Transmission,3
20020102-0239,Florida Gas Transmission,Florida Gas Transmission,3
20020102-0086,Florida Gas Transmission,Florida Gas Transmission,3
20011019-0492,PacifiCorp,PacifiCorp,3
20011019-0136,East Tennesse Natural,East Tennesse Natural Gas,3
20011019-0104,East Tennesse Natural,East Tennesse Natural Gas,3
20010928-0082,East Tennesse Natural,East Tennesse Natural Gas,3
20010705-0049,New York Independent System Operator,New York Independent System Operator,3
20000828-0070,Independence Energy Group,Independence Pipeline,3
20000828-0062,Independence Energy Group,Independence Pipeline,3
20000814-0220,Independence Energy Group,Independence Pipeline,3
20000803-0322,Petal Gas Storage,Petal Gas Storage,3
20000802-0343,Petal Gas Storage,Petal Gas Storage,3
20000728-0161,Petal Gas Storage,Petal Gas Storage,3
20000330-0181,Alabama Power,Alabama Power,3
20000301-0117,PacifiCorp,PacifiCorp,3
20180209-0006,Forest City Dam,Forest City Dam,3
20180102-0006(partial),Atlantic Sunrise,Atlantic Sunrise pipeline project,3
20171211-0012,Lake Elsinore Advanced Pumped Storage,Lake Elsinore Advanced Pumped Storage Project,3
20171206-0007,Lake Elsinore Advanced Pumped Storage,Lake Elsinore Advanced Pumped Storage Project,3
20171026-0031,WB XPress,WB XPress pipeline project.,3
20171020-0019,Atlantic Sunrise,Atlantic Sunrise project,3
20171020-0012,WB XPress,WB XPress Project,3
20170824-0015,Forest City Dam,Forest City Dam,3
20170824-0012,Forest City Dam,Forest City Dam,3
20170807-0007,Pensacola,Pensacola Project,3
20170802-0028,Pensacola,Pensacola Project,3
20160808-0032,Pensacola,Pensacola Project No 1494,3
20160111-0040,Sunbury,Sunbury Pipeline Project,3
20151224-0006,Sunbury,Sunbury Pipeline Project,3
20151103-0008,WB XPress,WB XPress project,3
20150415-0067,Sunbury,Sunbury Pipeline Project,3
20140820-0011,Atlantic Sunrise,Atlantic Sunrise Project,3
20140716-0028,American Midstream,American Midstream Pipeline,3
20140716-0024,North East Cogeneration Plant,North East Cogeneration Plant,3
20140714-0073,North East Cogeneration Plant,North East Cogeneration Plant,3
20140707-0015,North East Cogeneration Plant,North East Cogeneration Plant,3
20140416-0023,American Midstream,American Midstream Pipeline,3
20140409-0026,American Midstream,American Midstream Pipeline,3
20130528-0028,Niagara Power,Niagara Power Project,3
20100318-0017,Ruby,Ruby Pipeline Project,3
20090928-0073,Ruby,Ruby Pipeline Project,3
20080911-0064,Carmen-Smith Hydroelectric,Carmen-Smith Hydroelectric Project No.2242,3
20080422-0001,Carmen-Smith Hydroelectric,Carmen-Smith Hydroelectric Project,3
20071016-0043,Carmen-Smith Hydroelectric,Carmen-Smith Hydroelectric Project,3
20061130-0105,Shangri-La Resort,Shangri-La Resort,3
20061127-0105,Shangri-La Resort,Shangri-La Resort,3
20061106-0120,Shangri-La Resort,Shangri-La Resort,3
20060628-0052,Biron Hydroelectric,Biron Hydroelectric Project,3
20060615-0257,Biron Hydroelectric,Biron Hydroelectric Project,3
20060613-0067,Biron Hydroelectric,Biron Hydroelectric Project,3
20060517-0157,Lake Elsinore Advanced Pumped Storage,Lake Elsinore Advanced Pumped Storage Project,3
20040726-0299,Weaver's Cove,Weaver's Cove,3
20040720-0182,Weaver's Cove,Weaver's Cove,3
20040423-0304,El Paso Natural,El Paso Natural Gas,3
20021018-0377,St Lawrence/FDR & Niagara,St Lawrence/FDR & Niagara Project,3
20020830-0139,Islander East,Islander East pipeline,3
20020716-0563,pipelines in Connecticut,Proposed pipelines in Connecticut,3
20020716-0239,St Lawrence/FDR & Niagara,St Lawrence/FDR & Niagara Project,3
20020702-0063,pipelines in Connecticut,Proposed pipelines in Connecticut,3
20020625-0459,St Lawrence/FDR & Niagara,St Lawrence/FDR & Niagara Project,3
20020621-0396,pipelines in Connecticut,Proposed pipelines in Connecticut,3
20020423-0090,El Paso Natural,El Paso Natural Gas Pipeline,3
20020423-0089,El Paso Natural,El Paso Natural Gas Pipeline,3
20020318-0146,Islander East,Islander East Pipeline Project,3
20010329-0123,White River Hydroelectric,White River Hydroelectric Project,3
20001229-0111,White River Hydroelectric,White River Hydroelectric Project,3
20001228-0439,White River Hydroelectric,White River Hydroelectric Project,3
20000828-0102,Niagara Power,Niagara Power Project,3
20000728-0317,Niagara Power,Niagara Power Project,3
20181130-0007,RH energytrans,"RH energytrans,",2
20181016-0023,RH energytrans,RH energytrans,2
20181016-0022,Adelphia Gateway,"Adelphia Gateway,",2
20180511-0007,PJM Interconnection,PJM Interconnection,2
20180208-0007,Sugar River Power,Sugar River Power,2
20180202-0013,Sugar River Power,Sugar River Power,2
20171211-0012,Nevada Hydro,Nevada Hydro,2
20171206-0007,Nevada Hydro,Nevada Hydro,2
20171114-0047,Klamath River Renewal,Klamath River Renewal Corporation,2
20171031-0017,Colonial,Colonial Pipeline,2
20171020-0015,DTE,DTE,2
20171017-0012,Eagle LNG Partners Jacksonville,Eagle LNG Partners Jacksonville,2
20171004-0007,Eastern Shore Natural,Eastern Shore Natural Gas,2
20170824-0015,Woodland Pulp ILC,Woodland Pulp ILC,2
20170824-0012,Woodland Pulp ILC,Woodland Pulp ILC,2
20170621-0008,Hydro Renewable,Hydro Renewable,2
20170605-0048,Loup River Public Power District,Loup River Public Power District,2
20170404-0472,Hydro Renewable,Hydro Renewable,2
20170310-0079,Southern Natural,"Southern Natural Gas,",2
20161018-0008,Klamath River Renewal,Klamath River Renewal Corporation,2
20160908-0008,DTE,DTE,2
20160621-0020,Eastern Shore Natural,Eastern Shore Natural Gas,2
20160120-0069,Golden Pass Products,"Golden Pass Products,",2
20160120-0069,Golden Pass,"Golden Pass Pipeline,",2
20151103-0010,Loup River Public Power District,Loup River Public Power District,2
20150805-0046,Texas LNG Brownsville,Texas LNG Brownsville,2
20150805-0045,Texas LNG Brownsville,Texas LNG Brownsville,2
20150625-0024,Golden Pass,"Golden Pass Pipeline,",2
20150625-0024,Golden Pass Products,Golden Pass Products,2
20150204-0011,Kinder Morgan,Kinder Morgan,2
20141229-0090,Kinder Morgan,Kinder Morgan,2
20140429-0017,Southern California Edison,Southern California Edison,2
20110922-0009,Union Electric,Union Electric,2
20110913-0012,Union Electric,Union Electric,2
20110331-0028,Northern Natural,Northern Natural Gas,2
20110328-0002,Atlantic Wind Connection,The Atlantic Wind Connection,2
20100525-0024,Alcoa Power Generating,Alcoa Power Generating,2
20091125-0034(partial),Green Island Power Authority,Green Island Power Authority,2
20080814-0227,City of Holyoke Gas & Electric,The City of Holyoke Gas & Electric,2
20080814-0224,City of Holyoke Gas & Electric,The City of Holyoke Gas & Electric,2
20080702-0298,Hydro Green,Hydro Green,2
20080626-0001,Energie,Energie Group,2
20080227-0019,Colorado Interstate,Colorado Interstate Gas,2
20080208-5076,Colorado Interstate,Colorado Interstate Gas,2
20071026-0169,Oregon LNG,Oregon LNG,2
20071003-0168,PPL Montana,PPL Montana,2
20071001-0199,PPL Montana,PPL Montana,2
20070720-0066,Nevada Companies,Nevada Companies,2
20070706-0135,Calnev,Calnev Pipe Line,2
20070430-0068,Hydro Green,Hydro Green,2
20061214-0113,Shangri-La,"Shangri-La Group,",2
20061207-0024,Shangri-La,"Shangri-La Group,",2
20060606-0272,Trunkline LNG,Trunkline LNG,2
20060523-0106,Green Island Power Authority,Green Island Power Authority,2
20060517-0293,Energie,Energie Group,2
20060517-0209,Trunkline LNG,Trunkline LNG,2
20060508-0107(partial),Grand Harbour,Grand Harbour,2
20040928-0125,Nevada Companies,Nevada Companies,2
20040824-0164,Snohomish Public Utility District,Snohomish Public Utility District,2
20040813-0003,Snohomish Public Utility District,Snohomish Public Utility District,2
20040728-0251,Royal Dutch/Shell,Royal Dutch/Shell Group,2
20040723-0183,Royal Dutch/Shell,Royal Dutch/Shell Group,2
20040610-0026,Appalachian Power,Appalachian Power Corporation,2
20040604-0114,Appalachian Power,Appalachian Power,2
20040507-0108,Alcoa Power Generating,Alcoa Power Generating,2
20040322-0258,Regional Transmission Organization,Regional Transmission Organization,2
20040322-0257,Oklahoma Gas and Electic,Oklahoma Gas and Electic,2
20040312-0256,Oklahoma Gas and Electic,Oklahoma Gas and Electic,2
20040312-0255,Regional Transmission Organization,Regional Transmission Organization,2
20040206-0074,PPL,PPL Corporation,2
20040202-0154,PPL,PPL Corporation,2
20031201-0211,Ponderay Newsprint,Ponderay Newsprint,2
20031120-0152,Sierra Pacific,Sierra Pacific power,2
20031120-0152,Morgan Stanley Capital,Morgan Stanley Capital Group,2
20031120-0152,BP,BP,2
20031120-0152,Allegheny,Allegheny,2
20031105-0382,Sierra Pacific,Sierra Pacific power,2
20031105-0382,Morgan Stanley Capital,Morgan Stanley Capital Group,2
20031105-0382,BP,BP,2
20031105-0382,Allegheny,Allegheny,2
20030716-0209,Southern California Edison,Southern California Edison,2
20030418-0059,Idaho Power,Idaho Power,2
20030313-0197,Northern Natural,Northern Natural Gas,2
20021206-0099,Holyoke Gas & Electric,Holyoke Gas & Electric,2
20020930-0281,ALCOA,ALCOA,2
20020930-0281,CP&I,CP&I,2
20020923-0196,ALCOA,ALCOA,2
20020923-0196,CP&I,CP&I,2
20020919-0204,Holyoke Gas & Electric,Holyoke Gas & Electric,2
20020815-0653,Southern Natural,Southern Natural Gas,2
20020716-0142,SG Resources Mississippi,"SG Resources Mississippi,",2
20020702-0064,SG Resources Mississippi,"SG Resources Mississippi,",2
20020509-0159,Public Utility District No. 1,Public Utility District No. 1,2
20020509-0157,Public Utility District No. 1,Public Utility District No. 1,2
20020403-0726,Ponderay Newsprint,Ponderay Newsprint,2
20020102-0046,PJM Interconnection,PJM Interconnection,2
20011206-0032,Bonneville Power Administration,Bonneville Power Administration,2
20011129-0008,Bonneville Power Administration,Bonneville Power Administration,2
20011108-0110,Idaho Power,Idaho Power,2
20011019-0270,ISO New England,ISO New England,2
20010918-0081,Iroquois,Iroquois Pipeline,2
20010831-0155,HOBO,HOBO,2
20010820-0203,HOBO,HOBO,2
20010820-0173,Cascade Power,Cascade Power,2
20010806-0366,Niagara Mohawk Pension Club,Niagara Mohawk Pension Club,2
20010806-0336,Cascade Power,Cascade Power,2
20010801-0270,Wing Municipalization,Wing Municipalization,2
20010801-0270,Alliance for Municipal Power,Alliance for Municipal Power,2
20010710-0042,Niagara Mohawk Pension Club,Niagara Mohawk Pension Club,2
20010710-0040,Alliance for Municipal Power,Alliance for Municipal Power,2
20010710-0040,Wing Municipalization,"Wing Municipalization, L.L.C.",2
20010709-0365,WEPCO,WEPCO,2
20010627-0096,WEPCO,WEPCO,2
20010329-0003,Bangor Hydro-Electric,Bangor Hydro-Electric,2
20010329-0003,Maine Public Utilities Commission,The Maine Public Utilities Commission,2
20010329-0003,Industrial,Industrial,2
20010328-0460,Trunkline,Trunkline Gas,2
20010126-0263,Trunkline,Trunkline Gas,2
20010116-0155,Connecticut Light and Power,Connecticut Light and Power,2
20010111-0319,ISO New England,"ISO New England,Inc.",2
20010111-0319,Bangor Hydro-Electric,Bangor Hydro-Electric,2
20010111-0319,Maine Public Utilities Commission,Maine Public Utilities Commission,2
20010111-0319,Industrial,Industrial,2
20000828-0353,Connecticut Light and Power,Connecticut Light and Power,2
20000802-0343,Destin,Destin Gas Pipeline,2
20000728-0161,Destin,Destin Gas Pipeline,2
20181130-0007,Risberg Line,Risberg Line,2
20181016-0023,Risberg Line,Risberg Line,2
20181016-0022,Adelphia Gateway,Adelphia Gateway Project,2
20180928-0018,Wallace Dam,Wallace Dam Project,2
20180716-0016,Yuba River Development,Yuba River Development Project.,2
20180709-0006,Yuba River Development,Yuba River Development Project,2
20180511-0006,Venture Global Calcasieu Pass,Venture Global Calcasieu Pass,2
20180511-0006,TransCameron,TransCameron pipeline project,2
20180430-0020,Driftwood LNG terminal and the Driftwood,Driftwood LNG terminal and the Driftwood Pipeline,2
20180426-0012,Driftwood LNG terminal and the Driftwood,Driftwood LNG terminal and the Driftwood Pipeline,2
20180418-0021,Edenville Hydroelectric,Edenville Hydroelectric Project No. 10808,2
20180411-0024,Gross Reservoir Expansion,Gross Reservoir Expansion project,2
20180208-0007,Lower Village,Lower Village Project,2
20180202-0013,Lower Village,Lower Village Project,2
20180110-0006,Edenville Hydroelectric,Edenville Hydroelectric Project No. 10808,2
20171129-0011,Mountaineer Xpress,Mountaineer Xpress Pipeline,2
20171020-0016,Mountaineer Xpress,Mountaineer Xpress Project,2
20171020-0011,Rover,Rover Pipeline project,2
20171017-0008,Eagle LNG Partners Jacksonville,Eagle LNG Partners Jacksonville project,2
20170621-0008,Northern Pass Transmission Line,Northern Pass Transmission Line,2
20170428-0017(partial),Wallace Dam,Wallace Dam Project,2
20170404-0473,Gross Reservoir Expansion,Gross Reservoir Expansion Project,2
20170404-0472,Northern Pass Transmission Line,Northern Pass Transmission Line,2
20160602-0013,Access Northeast,Access Northeast Project,2
20160519-0043,Access Northeast,Access Northeast Project,2
20160506-0008,Allegheny Lock and Dam No. 2 Hydroelectric,Allegheny Lock and Dam No. 2 Hydroelectric project,2
20160506-0008,Emsworth Locks and Dam Hydroelectric,Emsworth Locks and Dam Hydroelectric Project,2
20160506-0008,Emsworth Back Channel Hydroelectric,Emsworth Back Channel Hydroelectric project,2
20160506-0008,"Montgomery
Locks and Dam Hydroelectric","Montgomery
Locks and Dam Hydroelectric Project",2
20160419-0022,Allegheny Lock and Dam No. 2 Hydroelectric,Allegheny Lock and Dam No. 2 Hydroelectric project,2
20160419-0022,Emsworth Locks and Dam Hydroelectric,Emsworth Locks and Dam Hydroelectric Project,2
20160419-0022,Emsworth Back Channel Hydroelectric,Emsworth Back Channel Hydroelectric project,2
20160419-0022,"Montgomery
Locks and Dam Hydroelectric","Montgomery
Locks and Dam Hydroelectric Project",2
20160315-0013,Mountaineer XPress,Mountaineer XPress project,2
20151103-0007,Mountaineer XPress,Mountaineer XPress project,2
20151020-0010,Venture Global Calcasieu Pass,Venture Global Calcasieu Pass Project,2
20151020-0010,TransCameron,TransCameron Pipeline,2
20150923-0029,Oregon LNG,Oregon LNG Project,2
20150923-0029,Washington Expansion,Washington Expansion Project,2
20141205-0019,Rover,Rover Pipeline Project,2
20140724-0012,Aguirre Offshore Gasport,Aguirre Offshore Gasport Project,2
20140724-0011,Aguirre Offshore Gasport,Aguirre Offshore Gasport Project,2
20130807-0011,Elba Liquefaction,Elba Liquefaction Project,2
20130624-0005,Elba Liquefaction,Elba Liquefaction Project,2
20121026-0003,Washington Expansion,Washington Expansion Project,2
20121024-4003,Cove Point Liquefaction,Cove Point Liquefaction Project,2
20121024-4001,Cove Point Liquefaction,Cove Point Liquefaction Project,2
20110328-0002,Atlantic Wind Connection,Atlantic Wind Connection Project,2
20100826-0010,Baker's Falls Hydroelectric,Baker's Falls Hydroelectric Project reactivation,2
20100810-0027,Baker's Falls Hydroelectric,Baker's Falls Hydroelectric Project reactivation,2
20091026-0268,Expansion of raw water intake system from Lake Rhodhiss,Expansion of raw water intake system from Lake Rhodhiss,2
20090811-0007,Lock and Dam No. 7 Hydro,Lock and Dam No. 7 Hydro Project,2
20090716-0037,Lock and Dam No. 7 Hydro,Lock and Dam No. 7 Hydro Project,2
20090716-0035,Expansion of raw water intake system from Lake Rhodhiss,Expansion of raw water intake system from Lake Rhodhiss,2
20090508-0081,Silverock Cove on Lewis Smith Lake,Silverock Cove on Lewis Smith Lake,2
20090507-0210,Silverock Cove on Lewis Smith Lake,Silverock Cove on Lewis Smith Lake,2
20080814-0227,Amendment of,Amendment of Project Boundary for Holyoke Project FERC 2004-249,2
20080814-0224,Amendment of,Amendment of Project Boundary for Holyoke Project FERC 2004-249,2
20080227-0019,High Plains Expansion,High Plains Expansion Project,2
20080208-5076,High Plains Expansion,High Plains Expansion Project,2
20071231-0066,Cross Hudson,Cross Hudson Project,2
20071228-0077,Cross Hudson,Cross Hudson Project,2
20071003-0168,Mystic Lake Hydroelectric,Mystic Lake Hydroelectric Project,2
20071001-0199,Mystic Lake Hydroelectric,Mystic Lake Hydroelectric Project,2
20070921-0070,Southeast Supply Header,"Southeast Supply Header,",2
20070815-0122,Southeast Supply Header,"Southeast Supply Header,",2
20070706-0135,Calnev,Calnev Pipeline Expansion,2
20061214-0111,Stayton Hydroelectric,Stayton Hydroelectric Project,2
20061213-0029,Stayton Hydroelectric,Stayton Hydroelectric Project,2
20060714-0050,Colonial,Colonial Pipeline System's pipeline expantion,2
20060630-0079,Rulemaking under section 1233 of the,Rulemaking under section 1233 of the,2
20060628-0011,Rulemaking under section 1233 of the,Rulemaking under section 1233 of the,2
20040726-0299,Keyspan,Keyspan project,2
20040720-0182,Keyspan,Keyspan Project,2
20040217-0025,MountainView,MountainView Project,2
20040202-0228,MountainView,MountainView Project,2
20031201-0324(partial),Grand Harbour,Grand Harbour Project,2
20031030-0025,St.Lawrence and Niagara Hydroelectric,St.Lawrence and Niagara Hydroelectric Projects,2
20031030-0004,St.Lawrence and Niagara Hydroelectric,St.Lawrence and Niagara Hydroelectric Projects,2
20030801-0129,Elba Island Expansion,Elba Island Expansion Project,2
20030801-0125,Elba Island Expansion,Elba Island Expansion Project,2
20020716-0142,Southern Pines,Proposed Southern Pines,2
20020702-0064,Southern Pines,Proposed Southern Pines,2
20020617-0403,Patriot Extension,Patriot Extension Project,2
20011019-0138,Phase III,Phase III Project / HubLine Project,2
20011019-0104,Patriot Extension,Patriot Extension Project,2
20011011-0189,Iroquois,Iroquois Pipeline Eastchester Project,2
20011002-0661,Phase III,Phase III Project / HubLine Project,2
20010815-0633,A.J. Allen Power Plant,A.J. Allen Power Plant,2
20010806-0611,A.J. Allen Power Plant,A.J. Allen Power Plant,2
20000331-0267,Hydroelectic Power,Hydroelectic Power Project,2
20000331-0267,Pennsylvania,Pennsylvania(project No.7041),2
20000323-0126,Hydroelectic Power,Hydroelectic Power Project,2
20000323-0126,Pennsylvania,Pennsylvania(project No.7041),2
20181226-0008,Pasadena Water and Power,Pasadena Water and Power,1
20181204-0007,Next Decade,Next Decade,1
20181119-0028(partial),St. Germain ATV Club,St. Germain ATV Club,1
20181002-0041,Lake Associations,The Lake Associations,1
20180926-0011,Lake Association's,Lake Association's,1
20180725-0462,ALLETE,ALLETE,1
20180716-0016,Yuba County Water Agency',Yuba County Water Agency',1
20180709-0006,Yuba County Water Agency,Yuba County Water Agency,1
20180424-0006,California Department of Water Resources,California Department of Water Resources,1
20180309-0011,Columbia Basin Electric Cooperative,Columbia Basin Electric Cooperative,1
20180226-0015(partial),Redland Sand,Redland Sand,1
20180124-0067,Murray,Murray,1
20180124-0063,Oroville Dam,Oroville Dam,1
20180110-4005(partial),ABC Solar,ABC Solar,1
20180110-0006,Boyce Hydro Power,"Boyce Hydro Power,",1
20171108-0007,FFP Missouri/Rye Development,FFP Missouri/Rye Development,1
20171108-0006,Advanced Hydropower,"Advanced Hydropower,",1
20171106-0035,Boym Hydro.,Boym Hydro.,1
20171020-0016,TransCanada/Columbia,TransCanada/Columbia Pipeline Group,1
20171020-0011,Energy Transfer Partners,Energy Transfer Partners,1
20171017-0008,Eagle LNG,Eagle LNG,1
20171010-0009,Big Rivers Electric,Big Rivers Electric Corporation,1
20170927-0025,Empire,Empire Pipeline,1
20170714-4014(partial),Frazier Quarry,"The Frazier Quarry,",1
20170621-0008,Northern Pass Transmission,Northern Pass Transmission,1
20170508-0011(partial),Lake Norman Touchless Boat Covers,Lake Norman Touchless Boat Covers,1
20170428-0017(partial),Georgia Power,Georgia Power,1
20170201-0008,Santee Cooper Electric Cooperative,Santee Cooper Electric Cooperative,1
20170125-0026,Alaska Federal Land Fees,Alaska Federal Land Fees Group,1
20160927-0010,Bear island Paper WB,Bear island Paper WB,1
20160921-0014,Entergy,Entergy Corp.,1
20160921-0014,Exelon,Exelon Corp.,1
20160713-0007,Curry Water Authority,Curry Water Authority,1
20160519-0010,Veresen,"Veresen,",1
20160506-0006,Modesto Irrigation District,Modesto Irrigation District,1
20160506-0006,Turlock Irrigation District,Turlock Irrigation District,1
20160106-0021,Absaroka,Absaroka,1
20151211-0026,NextEra,NextEra,1
20151202-0029,Pacific,Pacific Corps,1
20151029-0040,Blue Ridge Landd Conservancy,Blue Ridge Landd Conservancy,1
20150916-0017,Alaska Village Electric Cooperative,"Alaska Village Electric Cooperative,",1
20150828-0039,Dominium,Dominium,1
20150727-0012,DB Farms,"DB Farms,",1
20150723-0030,TransCanada,TransCanada,1
20150602-0302,Gulf South,Gulf South Pipeline,1
20150204-0010,Grand River Power,Grand River Power,1
20150126-0187,Juneau Hydropower,Juneau Hydropower,1
20140723-0052,Tranco / Williams,Tranco / Williams,1
20140701-0018,ISO NE,ISO NE,1
20140618-0037,Pike Island,Pike Island,1
20140501-0007,"American Midstream Partners
American Midstream","American Midstream Partners, LP 
American Midstream Pipeline",1
20140429-0017,Arizona Public Service,Arizona Public Service,1
20140425-0014,Trunkline LNG Export,"Trunkline LNG Export,",1
20140425-0014,BG,BG Group,1
20140425-0014,Lake Charles Export,"Lake Charles Export,",1
20140416-0024,Sabal Trail Transmission,"Sabal Trail Transmission,",1
20140416-0019,Arclight Capital Partners,"Arclight Capital Partners,",1
20130905-0009,Minor Hydro Power,Minor Hydro Power,1
20130725-0017,Silver Merger Sub,"Silver Merger Sub,",1
20130725-0017,NV,NV,1
20130725-0017,Sierra Pacific Powerr,Sierra Pacific Powerr,1
20130624-0010,Aignn&tuin Power,Aignn&tuin Power,1
20130528-0023,Cameron LNG,Cameron LNG,1
20130425-0009,Carbon Zero,"Carbon Zero,",1
20120619-0018,Fairlawn Hydroelectric,Fairlawn Hydroelectric,1
20110315-0004,Great River Hydropower,Great River Hydropower,1
20110315-0004,Mississippi River Number 21 Hydropower,Mississippi River Number 21 Hydropower,1
20101119-0026,Portland Electric,Portland Electric,1
20101119-0025,North Carolina Community Sailing and Rowing,North Carolina Community Sailing and Rowing,1
20101119-0024,Overlook Neighborhood,Overlook Neighborhood,1
20101028-0006,Southern LNG,Southern LNG,1
20100923-0018(partial),AmerenUE,AmerenUE,1
20100915-0003(partial),Greenwood County,"Greenwood County, SC",1
20100826-0004,Evergreen Shasta Power,Evergreen Shasta Power,1
20100804-0016,Glen Falls Hydro,Glen Falls Hydro,1
20100525-0027,L.S. Starrett,L.S. Starrett,1
20100525-0025,Northern Illinois Hydropower,"Northern Illinois Hydropower,",1
20100525-0022,Domtar Maine,Domtar Maine,1
20100128-0128,Tres Amigas,Tres Amigas,1
20091123-0149,Gresham,Village of Gresham,1
20090918-0147(partial),Nelson,Nelson,1
20090716-0033,Missouri-Madison Hydroelectric,Missouri-Madison Hydroelectric Project,1
20090629-0037,Rockies Express,Rockies Express Pipeline,1
20090629-0036,NC Flatwater Outfitters,NC Flatwater Outfitters,1
20090629-0028,Brazos River Authority,Brazos River Authority,1
20090526-0034,Davis Hydro,Davis Hydro,1
20090515-0054,Riverbank Power,Riverbank Power Corporation,1
20090421-0311,El Dorado Irrigation District,El Dorado Irrigation District,1
20090320-0047,Southwestern Electrical Power,Southwestern Electrical Power,1
20090306-0069,Brookfield Renewable Power,Brookfield Renewable Power,1
20081125-0050,Bangor Water District,Bangor Water District,1
20081113-0085,Prairie Power,"Prairie Power,",1
20080930-0178(partial),Lake Murray Docks,"Lake Murray Docks,",1
20080919-0132,Somerset Gas Gathering of Pennsylvania,Somerset Gas Gathering of Pennsylvania,1
20080806-0190,Crane and,Crane and,1
20080806-0185(partial),Clearville Landowners Property,Clearville Landowners Property Group,1
20080731-0201,Erie Boulevard Hydropower,"Erie Boulevard Hydropower, L.P",1
20080731-0199,Delaware County Electric Cooperative,Delaware County Electric Cooperative,1
20080702-0298,City of Hastings,City of Hastings,1
20070530-0035,Continental Cogeneration Services,Continental Cogeneration Services,1
20061218-0053,Red Shield Environmental,"Red Shield Environmental, L.L.C.",1
20061215-0203,Snohomish County Public Utility District,Snohomish County Public Utility District,1
20060613-0020(partial),Electric Plant Board of the City of Augusta,Electric Plant Board of the City of Augusta,1
20060613-0018(partial),Saluda County Water & Sewer Authority,Saluda County Water & Sewer Authority,1
20060508-0029(partial),Duke Power,Duke Power Co.,1
20040728-0271,Oklahoma Gas and Electric,Oklahoma Gas and Electric,1
20040723-0066,Pan American Power Solutions,Pan American Power Solutions,1
20040720-0242,Sellers of,Sellers of,1
20040720-0182,Keyspan Liquefied Natural,Keyspan Liquefied Natural Gas,1
20040709-0058,WYRULEC,WYRULEC,1
20040630-0105,Niagara Mohawk Power,Niagara Mohawk Power Corp.,1
20040610-0115,Portersville Rival,Portersville Rival Group,1
20040610-0027,William Skea dba Batavia Development,William Skea dba Batavia Development Corporation,1
20040513-0025,Liquefied Natural,Liquefied Natural Gas,1
20040512-0211,Liquid natural gas terminal,Liquid natural gas terminal,1
20040423-0071,Northeast Generation Service,Northeast Generation Service,1
20040423-0012,Northeast Generation Services,Northeast Generation Services,1
20040318-0001,Wisconsin's business,"Wisconsin's business,",1
20040312-0257,Natural Gas Market Transparency,Natural Gas Market Transparency,1
20040305-0198,Cranberry,Cranberry Pipeline Corporation,1
20040225-0057,Edison,Edison,1
20040223-0049,Ca]pine,Ca]pine Corporation,1
20040212-0120,Williams,Williams,1
20031224-0160,Local,Local Gas,1
20031223-0684,Regional Tranmission Organization,Regional Tranmission Organization,1
20031205-0131,Galeton,"Galeton, Co.",1
20031125-0036(partial),Grand Harbour LTD.,Grand Harbour LTD.,1
20031125-0034,Quest Consultants,"Quest Consultants,",1
20031010-0044,Central Miane Power Co's,Central Miane Power Co's,1
20030801-0191,M&J Developers,"M&J Developers,",1
20030716-0211,Automated Power Exchange,Automated Power Exchange,1
20030313-0298,PG&E,PG&E Corp.,1
20030313-0209,Williston Basin Interstate,Williston Basin Interstate Pipeline,1
20030313-0197,Natura Manufacturing,Natura Manufacturing,1
20030313-0144,Central Maine Prower,Central Maine Prower,1
20021018-0222,Bedford,Bedford,1
20021008-0082,East Tennesse,East Tennesse,1
20020930-0222,East Tennessee Natural,East Tennessee Natural Gas Co.,1
20020815-0574,New York State Electric and,New York State Electric and Gas Corp,1
20020815-0570,Lake Lillinonah Authority,Lake Lillinonah Authority,1
20020813-0050,P-12164-000 proposed power generation facility on Cottage grove dam,P-12164-000 proposed power generation facility on Cottage grove dam,1
20020808-0152,Tenessee,Tenessee Gas Pipeline Co.,1
20020807-3145,Kelly Springfield Plant,Kelly Springfield Plant,1
20020716-0237,Eerie Hydropower,Eerie Hydropower LP,1
20020625-0460,Upper Peninsula Power,Upper Peninsula Power,1
20020604-0222,Arrowhead Yach Club,Arrowhead Yach Club,1
20020509-0091,CMS Trunkline LNG,CMS Trunkline LNG,1
20020506-0070,SCG,SCG Pipeline,1
20020419-0155,Delaware General Assembly,Delaware General Assembly,1
20020403-0701,Pine Bluff Sand & Gravel,Pine Bluff Sand & Gravel,1
20020214-0732,West Coast,West Coast,1
20020214-0730,Mecklenburg Electric Cooperative,Mecklenburg Electric Cooperative,1
20020214-0728,American Ref-Fuel,American Ref-Fuel,1
20020205-0552,Niobrara Electric Association,Niobrara Electric Association,1
20020129-0194,Warwick Town Board,Warwick Town Board,1
20020117-0189,Wisconsin Public Service,Wisconsin Public Service Corporation,1
20020117-0169,Tennesse,Tennesse Gas Pipeline,1
20011221-0261,Revezzi Farm,Revezzi Farm,1
20011217-0221,Louisiana Public Service Commission,Louisiana Public Service Commission,1
20011019-0304,Maryland Public Service Commission,Maryland Public Service Commission,1
20011018-0299,PNM,PNM,1
20011016-0225,St Lawrence Power,St Lawrence Power,1
20010918-0234,North Carolina Utilities Commission,North Carolina Utilities Commission,1
20010917-0265,Maritimes and Northeast,"Maritimes and Northeast Pipeline, L.L.C.",1
20010917-0159,JLH Hydro,JLH Hydro,1
20010820-0019,Utah Associated Municipal Power Systems,Utah Associated Municipal Power Systems,1
20010709-0367,Ohio Pennsylvania Landowners Association,Ohio Pennsylvania Landowners Association,1
20010709-0272,Pascoag Electric,Pascoag Electric,1
20010709-0250,South Carolins Electric and,South Carolins Electric and Gas,1
20010705-0187,Delta Power,"Delta Power,",1
20010705-0049,Con Edison,Con Edison,1
20010705-0046,Norton,Norton,1
20010627-0136,Reynolds Plantation,Reynolds Plantation,1
20010209-0376,Kodiak Electric Association,Kodiak Electric Association,1
20010209-0376,Copper Valley Electric Association,Copper Valley Electric Association,1
20010116-0155,Northeast Utilities,Northeast Utilities,1
20010116-0155,Northeast Generation,Northeast Generation,1
20001229-0113,Lay Lake home Owners & Boat Owners,Lay Lake home Owners & Boat Owners,1
20001229-0060,Carolina Power & Light,Carolina Power & Light,1
20001229-0057,Gulf Trace Homeowners Association,Gulf Trace Homeowners Association,1
20001229-0026,Dynegy,Dynegy,1
20001228-0438,South Carolina Electric and gas,South Carolina Electric and gas,1
20000926-0368,Kootznoowoo,Kootznoowoo,1
20000918-0277,Pennsylvania Landowners Association,Pennsylvania Landowners Association,1
20000828-0229,Flo Rida Progress,Flo Rida Progress,1
20000828-0136,Hydro,Hydro Project,1
20000828-0119,Yadkin,Yadkin,1
20000828-0027,Carolina Power& Light,Carolina Power& Light,1
20000811-0314,Montana Power,Montana Power,1
20000811-0256,Burkhalter Engineering,"Burkhalter Engineering,Inc.",1
20000803-0321,Winsconsin,Winsconsin Gas,1
20000330-0181,U.S Army,U.S Army Corp.,1
20000228-0775,Lake of Ozark's,Lake of Ozark's,1
20181226-0008,Azusa Hydroelectric Power,Azusa Hydroelectric Power Project,1
20181207-0011,Next Decades Rio Grande,Next Decades Rio Grande Project,1
20181207-0008,Gator Express,Gator Express Pipeline Project,1
20181119-0028(partial),ATC/UTV trail,ATC/UTV trail,1
20181109-0007,Driftwood LNG Terminal and,Driftwood LNG Terminal and Pipeline Project,1
20181105-0012,Driftwood LNG terminal and Driftwood,Driftwood LNG terminal and Driftwood Pipeline,1
20181105-0009,Driftwood Liquid Natural,Driftwood Liquid Natural Gas Project,1
20180926-0011,Edenville,Edenville Project,1
20180912-0018,Saluda Hydroelectric,Saluda Hydroelectric Project,1
20180905-0006,Bellows Falls,Bellows Falls Project,1
20180905-0006,Wilder,Wilder Project,1
20180905-0006,Vernon,Vernon Project,1
20180905-0006,Northfield Mountain,Northfield Mountain Project,1
20180905-0006,Turners Falls,Turners Falls Project,1
20180814-0007,Drifhvood LNG terminal and the Drifhvood,Drifhvood LNG terminal and the Drifhvood Pipeline,1
20180725-0462,Sylvan Hydroelectric,Sylvan Hydroelectric project,1
20180702-0006,Fields Point Liquefaction,Fields Point Liquefaction Project,1
20180424-0006,project No. 2100,project No. 2100,1
20180411-0025,Cove Point's Eastern Market Access,Cove Point's Eastern Market Access Project,1
20180227-0006,Forest City,Forest City Project,1
20180125-0007,Lake Powell,Lake Powell Pipeline Project,1
20171208-0016,Catawba-Wateree Recreation Management Plan,Catawba-Wateree Recreation Management Plan,1
20171114-0047,Klamath Hydropower,Klamath Hydropower Project,1
20171114-0043,Southeast Market,Southeast Market Pipelines Project,1
20171108-0006,McNary Dam,McNary Dam Project,1
20171031-0018,Northern Access,Northern Access Project,1
20171031-0017,Line 25,Line 25 pipeline,1
20171020-0021(partial),Toledo Bend,Toledo Bend Project,1
20171020-0018,Supply Header,Supply Header Project,1
20171020-0017,Gulf Xpress,Gulf Xpress,1
20171020-0013,Leach XPress,Leach XPress Project,1
20171012-0013,Drifiwood LNG,Drifiwood LNG project,1
20171012-0012,WB Xpress,WB Xpress pipeline project,1
20170927-0025,STAMP business park,STAMP business park,1
20170912-0089,Forest City dam,Forest City dam,1
20170810-0007,Net Zero,Net Zero,1
20170802-0030,Potter Valley,Potter Valley Project,1
20170619-0037,Woodland Pulp mill,Woodland Pulp mill,1
20170615-0007,Eastern Panhandle Expansion,Eastern Panhandle Expansion project,1
20170310-0079,Fairburn Expansion,Fairburn Expansion Project,1
20170307-0135,Blenheim-Gilboa Pumped Storage Power,Blenheim-Gilboa Pumped Storage Power Project,1
20160921-0014,James A. Fitzpatrick Nuclear Power Plant,James A. Fitzpatrick Nuclear Power Plant,1
20160831-0049,Smallwood Dam,Smallwood Dam,1
20160805-0009,Gordon Butte,Gordon Butte Project,1
20160729-0009,Grand Lake's rule curve,Grand Lake's rule curve,1
20160713-0007,Warrior River Hydroelectric,Warrior River Hydroelectric Project,1
20160621-0020,System Reliability,System Reliability Project,1
20160602-0013,Atlantic Bridge,Atlantic Bridge Project,1
20160524-0022,Artificial Island Transmission Line,Artificial Island Transmission Line Project,1
20160524-0021,Muskeget Channel Tidal,Muskeget Channel Tidal,1
20160523-0008,CatawbaWateree Hydroelectric,CatawbaWateree Hydroelectric Project,1
20160506-0033,"""B-System"" modernization","""B-System"" modernization project",1
20160506-0006,La Grange and Don Pedro projects,La Grange and Don Pedro projects,1
20160119-0008,Mountaineer XPpress,Mountaineer XPpress Project,1
20160115-0006,Gordon Butte Closed Loop Pumped Storage,Gordon Butte Closed Loop Pumped Storage Project,1
20160111-0039,Gordon Butte Closed Loop Pumped Storage Hydro,Gordon Butte Closed Loop Pumped Storage Hydro Project,1
20160106-0021,Gordon Butte Pumped Storage,Gordon Butte Pumped Storage Project,1
20151216-0007,Elba Liquefaction Proiect,Elba Liquefaction Proiect,1
20151216-0007,Pineline Unurade,Pineline Unurade Proiects,1
20151103-0010,Project Number 1256-031,Project Number 1256-031,1
20150916-0017,Old Harbor's Hydroelectric,Village of Old Harbor's Hydroelectric Project,1
20150828-0039,Pillsbury A-Mill,Pillsbury A-Mill,1
20150723-0030,Project No. 1892 New Hampshire-Vermont,Project No. 1892 New Hampshire-Vermont,1
20150723-0030,Project No. 1855 New Hampshire—Vermont,Project No. 1855 New Hampshire—Vermont,1
20150723-0030,Project No. 1904 New Hampshire  Vermont,Project No. 1904 New Hampshire  Vermont,1
20150720-0043,Sardis Lake Hydroelectric,Sardis Lake Hydroelectric Project,1
20150720-0043,Grenada Lake Hydroelectric,Grenada Lake Hydroelectric Project,1
20150720-0043,Enid Lake Hydroelectric,Enid Lake Hydroelectric Project,1
20150720-0043,Arkabutla Lake Hydroelectric,Arkabutla Lake Hydroelectric Project,1
20150625-0024,LNG Export,LNG Export Project,1
20150625-0019,AIM,AIM Project,1
20150508-0016,Mokelumne River,Mokelumne River Project,1
20150226-0032,atlantic Coast,atlantic Coast Pipeline Project,1
20150224-0014,Leach Xpress,Leach Xpress Project,1
20150126-0187,Sweet Lake Hydroelectric,Sweet Lake Hydroelectric Project,1
20141229-0090,MidContinent Express,MidContinent Express Pipeline,1
20141218-0037,Clark Canyon Dam,Clark Canyon Dam Project,1
20141006-0054,Tennessee proposed Northeast,Tennessee proposed Northeast,1
20140815-0009,Williams Dam Hydro,Williams Dam Hydro Project,1
20140801-0009,Aguirre Gasport,Aguirre Gasport Project,1
20140619-0007,San Vicente Dam Pumped Storage,San Vicente Dam Pumped Storage Project,1
20140619-0006,Gordon Butte Pumped Storage Hydro,Gordon Butte Pumped Storage Hydro Project,1
20140425-0014,Trunkline LNG's Lake Charles LNG Export,Trunkline LNG's Lake Charles LNG Export project(Lake Charles Project),1
20140424-0009,Catawba-Wateree Hydroelectric,Catawba-Wateree Hydroelectric Project,1
20140416-0025,Corpus Christi Liquefaction,Corpus Christi Liquefaction Project,1
20140416-0024,Sabal Trail,Sabal Trail Project,1
20140416-0019,American Mildstream,American Mildstream Pipeline,1
20131009-0016,Ohio,Ohio pipeline,1
20130905-0009,Angelo Dam,Angelo Dam project,1
20130812-0005,Martin Dam,Martin Dam Project,1
20130614-0003,Boundary Hydroelectric,Boundary Hydroelectric Project,1
20130528-0032,Stagecoach Hydroelectric,"Stagecoach Hydroelectric Project,",1
20130425-0009,Vermont Tissue hydroelectric plant,Vermont Tissue hydroelectric plant,1
20130102-0022,Angelo Dam Hydropower,Angelo Dam Hydropower Project,1
20121119-0001,Astoria Generating,"Astoria Generating Comnany, L.P.",1
20121119-0001,TC Ravenswood.,TC Ravenswood.,1
20121026-0003,Oregon LNG Export,Oregon LNG Export project,1
20120925-0047,Trunklme,Trunklme Gas,1
20120703-0014,Great Lakes Hydro America,"Great Lakes Hydro America,",1
20120703-0013,Augusta Canal,Augusta Canal Project,1
20120619-0018,Jennings Randolph Hydroelectric,Jennings Randolph Hydroelectric Project,1
20120214-0005,Blue Heron Hydro,Blue Heron Hydro,1
20120210-0001,New Jersey-New York Expansion,New Jersey-New York Expansion project,1
20120113-0002,New-Jersey-New York Expansion,New-Jersey-New York Expansion Project,1
20111108-0046,Allegheny storage,Allegheny storage Project,1
20110927-0131,Puerto Rico EcoEIectrica Terminal Modification,Puerto Rico EcoEIectrica Terminal Modification Project,1
20110922-0004,MARC 1 Hub Line,"MARC 1 Hub Line Project,",1
20110913-0012,Osage Hydroelectric,Osage Hydroelectric Project,1
20110823-4001,MARC I,MARC I Pipeline project,1
20110621-0056,Multi-Value,Multi-Value Projects,1
20110518-0032,DF SUEZ Solar,DF SUEZ Solar Project,1
20110315-0004,Hydropower project at Mississippi River Lok and Dam No.21,Hydropower project at Mississippi River Lok and Dam No.21,1
20101119-0026,Clackamas River Hydroelectric,Clackamas River Hydroelectric Project,1
20101119-0025,Project Lands for a recreational facility,Project Lands for a recreational facility,1
20101004-0006,Kilarc-Cow Creek Hydroelectric,Kilarc-Cow Creek Hydroelectric Project,1
20100923-0018(partial),AmerenUE Shoreline Management Plan,AmerenUE Shoreline Management Plan,1
20100910-0040,Expansion Sabine Pass LNG,Expansion Sabine Pass LNG,1
20100910-0036,Killarc-Cow Creek Hydroelectric,Killarc-Cow Creek Hydroelectric project,1
20100826-0004,Killarc-Cow Creek,Killarc-Cow Creek Project,1
20100525-0025,Dresden Island and Brandon Road Hydroelectric,Dresden Island and Brandon Road Hydroelectric Projects,1
20100525-0024,Yadkin Hydro Electric,Yadkin Hydro Electric Project,1
20100525-0022,Jurisdictional Pettition DI10-9,Jurisdictional Pettition DI10-9,1
20091125-0034(partial),School Street,School Street Project,1
20091123-0149,Gresham Municipal Utilities Hydro,Gresham Municipal Utilities Hydro,1
20090928-0063,Lock and Dam No.7 Hydro,Lock and Dam No.7 Hydro Project,1
20090918-0147(partial),36 MW project in Pella Iowa,36 MW project in Pella Iowa,1
20090918-0104,Project 7 Water Authority,Project 7 Water Authority,1
20090723-0128,San Luis Rey River Water Rights Settlement,San Luis Rey River Water Rights Settlement,1
20090526-0034,Kilarc-Cow Creek,Kilarc-Cow Creek Project FERC 606,1
20090421-0311,Project 184,Project 184,1
20090320-0047,Power supply agreement docket No. ER08-1501,Power supply agreement docket No. ER08-1501,1
20090306-0069,Melvin Price Lock and Dam hydroelectric,Melvin Price Lock and Dam hydroelectric project,1
20081125-0050,Veazie Recovery,Veazie Recovery Project,1
20081113-0085,Hydroelectric generating unit at the Lake Shelbyville Dam,Hydroelectric generating unit at the Lake Shelbyville Dam,1
20080930-0178(partial),Windward Point Yacht Club & Marina,Windward Point Yacht Club & Marina,1
20080806-0190,Rehabilitation of Byron Weston Hydroelectric Dam,Rehabilitation of Byron Weston Hydroelectric Dam,1
20080731-0199,Western Catskills Hydro,Western Catskills Hydro Project,1
20080702-0298,Mississippi River Lock and Dam No. 2,Mississippi River Lock and Dam No. 2 Project,1
20080626-0022,Purchase of Bighorn Generating Facility,Purchase of Bighorn Generating Facility,1
20080626-0001,Reinstatement FERC project No. 12454,Reinstatement FERC project No. 12454,1
20080515-0162,Hydroelectric Powered Dam,Hydroelectric Powered Dam,1
20080313-0062,Castle Creek Hydroelectric Plant,Castle Creek Hydroelectric Plant,1
20061220-0058,Strayton Hydroelectric,Strayton Hydroelectric Project,1
20061024-0157,West Valley A&B Hydroelectric,West Valley A&B Hydroelectric Project,1
20061002-0055,Lake Chelan Hydroelectric,Lake Chelan Hydroelectric Project,1
20060922-0098,Big Sandy,Big Sandy Pipeline Project,1
20060714-0019,Meldahl,Meldahl Project,1
20060614-0211(partial),FERC expemptions for Upper Turnbull,"FERC expemptions for Upper Turnbull - FERC #12598, Lower Turnbull - FERC #12597, Mill Coulee - Ferc #12599",1
20060606-0272,Liquefied natural gas terminal near Lake Charles,Liquefied natural gas terminal near Lake Charles,1
20060523-0106,Hydroelectric project at the Cohoes Falls on the Mohawk river,Hydroelectric project at the Cohoes Falls on the Mohawk river,1
20060518-0144,Calhoun Liquefied Natural,Calhoun Liquefied Natural Gas,1
20060518-0141,Issuing DEIS for the Calhoun Liquid Natural,Issuing DEIS for the Calhoun Liquid Natural Gas,1
20060517-0293,License FERC 12454,License FERC 12454,1
20060517-0241,Building a backup dam at Lake Murray,Building a backup dam at Lake Murray,1
20060517-0225,Allocation of long-term transmission rights to Boroughs of Mont Alto and Chambersburg,"Allocation of long-term transmission rights to Boroughs of Mont Alto and Chambersburg, Letterkenny Industrial Development Authority in Pennsylvania, Towns of Thurmont and Williamsport and Hagertown Light Deparment in Maryland, Town of Front Royal",1
20060517-0209,Ambient Air Vaporization facilities and natural gas liquids processing equipment at existing LNG terminal,Ambient Air Vaporization facilities and natural gas liquids processing equipment at existing LNG terminal,1
20060517-0157,Talega,Talega -Escondido/Valley-Serrano Interconnect Project,1
20060508-0107(partial),Rezoning to Residential Planned Unit Development on property Tax Map #15,"Rezoning to Residential Planned Unit Development on property Tax Map #15, Parcels #12",1
20060508-0029(partial),Water's Edge development application,Water's Edge development application,1
20040922-0213,Weaver's Cove LNG,Weaver's Cove LNG project,1
20040701-0070,Keyspan LNG Facility,Keyspan LNG Facility Project,1
20040617-0076,Central New Jersey Expansion,Central New Jersey Expansion Project,1
20040617-0028,Housatonic River Hydroelectric,Housatonic River Hydroelectric Project,1
20040525-0076,Klamath Hydro,Klamath Hydro Project,1
20040521-0270,LICAP,LICAP,1
20040512-0211,CheniereProject,CheniereProject,1
20040507-0108,Tapoco,Tapoco Project,1
20040505-0442,Energy Markets Tariff,Energy Markets Tariff,1
20040331-0123,Pelton Round Butte,Pelton Round Butte Project,1
20040323-0226(partial),Sabine Pass LNG &,Sabine Pass LNG & Pipeline Project,1
20040225-0057,Power Plan,Power Plan Project,1
20040223-0049,Mountainview,Mountainview Project,1
20040202-0154,Hydroelctric,Hydroelctric Project,1
20031223-0419,Conservation Voltage Regulation,Conservation Voltage Regulation,1
20031201-0211,Box Canyon Hydroelectric,Box Canyon Hydroelectric Project,1
20031107-0044,St. Lawrence and Niagara Power,St. Lawrence and Niagara Power Projects,1
20031107-0042,concerning a complaint re the Hawk's Nest Dam in West Virginia under,concerning a complaint re the Hawk's Nest Dam in West Virginia under,1
20031010-0044,grant the Maine Public Utilities Commission's and Central Miane Power Co's request for rehearing,grant the Maine Public Utilities Commission's and Central Miane Power Co's request for rehearing,1
20031007-0272,consideration to allowing the Franklin County Board of Supervisors to intervene in,consideration to allowing the Franklin County Board of Supervisors to intervene in Project No. P-2210-090.,1
20030801-0140,several provisions that are included in the lastest draft of the energy bill that will be considered by the Senate next week,several provisions that are included in the lastest draft of the energy bill that will be considered by the Senate next week,1
20030516-0040,Hydroelectric projects,Hydroelectric projects,1
20030326-0251,Pittsfield Hydroelectric,Pittsfield Hydroelectric Project.,1
20030313-0332(partial),Childs-lrving Hydropower,Childs-lrving Hydropower Project,1
20030313-0212,"Grasslands
Project","Grasslands Pipeline
Project",1
20030313-0197,Natura,Natura Project,1
20021230-0232,Small access roadway to retirement property of constituent Mr. Adolphson,Small access roadway to retirement property of constituent Mr. Adolphson,1
20021206-0099,FERC Holyoke,FERC Holyoke Project,1
20021018-0222,Project nos  3218,"Project nos  3218, 6901 and 6902",1
20021008-0144,St. Lawrence FDR,St. Lawrence FDR,1
20021008-0144,Niagara Hydroelectric,Niagara Hydroelectric Project,1
20020923-0130,Islander East Natural,Islander East Natural Gas Pipeline,1
20020919-0204,Holyoke,Holyoke Project,1
20020909-0485,Midwest Independent System Operator for a Regional Transmission Organization,Midwest Independent System Operator for a Regional Transmission Organization,1
20020815-0653,South System Expansion II,South System Expansion II Project,1
20020815-0574,Saranac River hydro electric,Saranac River hydro electric project,1
20020815-0545,High Falls Proj-2595,High Falls Proj-2595,1
20020808-0152,Stagecoach,Stagecoach Project,1
20020716-0467,Lay Lake HOBO,Lay Lake HOBO project,1
20020716-0237,Middle Raquette River,Middle Raquette River Project,1
20020702-0070,CP01-384-000 and CP02-52-000,CP01-384-000 and CP02-52-000,1
20020604-0535,Greenup Dam,Greenup Dam,1
20020524-0418,Columbia Hydroelectric,Columbia Hydroelectric Project,1
20020521-0019,Comm. Nora Brownell,Comm. Nora Brownell,1
20020509-0158,St. Lawrence,St. Lawrence - FDR Project,1
20020509-0091,CMS Trunkline LNG Facility,CMS Trunkline LNG Facility,1
20020503-0225,Condit Dam,Condit Dam,1
20020503-0201,Mechanicville Hydroelectric Station,Mechanicville Hydroelectric Station,1
20020403-0726,Box Canyon Dam,Box Canyon Dam,1
20020214-0728,Delaware Valley Resource Recovery Facility,Delaware Valley Resource Recovery Facility,1
20020214-0541,Union Center Re-route Variation along the NYSEG Powerline Corridor,Union Center Re-route Variation along the NYSEG Powerline Corridor,1
20020129-0053,Phase III / Hubline,Phase III / Hubline Project,1
20020117-0169,Gas Compressor Station,Gas Compressor Station,1
20011221-0115,Lay Lake Hydroelectric Reservoir,Lay Lake Hydroelectric Reservoir,1
20011217-0221,Participant Funded Expansion,Participant Funded Expansion,1
20011108-0109,West Winterport Hydroelectric Dam,West Winterport Hydroelectric Dam,1
20011019-0492,Condit Hydroelectric,Condit Hydroelectric Project,1
20011019-0270,Northeast Regional Transmission Organization,Northeast Regional Transmission Organization,1
20011018-0138,Vermilion Valley,Vermilion Valley Project,1
20011016-0225,St. Lawrence and Niagara,St. Lawrence and Niagara Projects,1
20010918-0081,Eastchester,Eastchester Project,1
20010917-0265,Maritimes and Northeast Phase III/Hubline,Maritimes and Northeast Phase III/Hubline Project,1
20010917-0262,Millenium Natural,Millenium Natural Gas Pipeline Project,1
20010806-0727,Idols Hydrostation,Idols Hydrostation,1
20010710-0044,Clifton Mill,Clifton Mill,1
20010709-0377,Compressor facilities,Compressor facilities,1
20010709-0268,Forks of Butte,Forks of Butte Project,1
20010705-0046,Compressed air energy storage,Compressed air energy storage project,1
20010622-0310,Dead River Hydroelectric,Dead River Hydroelectric Project,1
20010209-0376,Four Dam Pool,Four Dam Pool Project,1
20010209-0376,Swan Lake-Lake,Swan Lake-Lake Project,1
20010126-0263,Centennial,Centennial Pipeline Project,1
20001229-0060,Blewwet Falls,Blewwet Falls Project,1
20001229-0060,Yadkin-Pee Dee River,Yadkin-Pee Dee River Project,1
20001229-0060,Blewett falls,Blewett falls Project,1
20001020-0258,Centenial,Centenial Pipeline Project,1
20001004-0353,MarketLink,MarketLink Project,1
20000926-0368,Angoon Power,Angoon Power Project,1
20000918-0278,Transco Sundance expansion,Transco Sundance expansion Project,1
20000828-0354,Hydroelectric Power,Hydroelectric Power Project,1
20000828-0353,Housatonic,Housatonic Project No. 2576-CT,1
20000828-0333,Millenium,Millenium Pipeline Project,1
20000828-0132,North Umpqua Hydroelectric,North Umpqua Hydroelectric project,1
20000828-0115,Yadkin Hydroelectri cProject,Yadkin Hydroelectri cProject,1
20000828-0115,SMP,SMP project,1
20000828-0105,Traftsville Hydroelectric,Traftsville Hydroelectric project,1
20000828-0104,Niagara Mohawk/Orion's Black River hydroelectric,Niagara Mohawk/Orion's Black River hydroelectric project,1
20000828-0103,St. Lawrence-FDR,St. Lawrence-FDR project,1
20000828-0057,Vector,Vector Pipeline Project,1
20000828-0051,MarketLink Expansion,MarketLink Expansion Project,1
20000803-0419,Toledo Bend Bi-State Alliance,"Toledo Bend Bi-State Alliance,Project No.2305-016",1
20000803-0414,Lundy Hydroelecric,Lundy Hydroelecric project,1
20000515-0097,Beaverton Hydro,Beaverton Hydro Project No.5308,1
20000503-0151,Waltervile hydroelectric,Waltervile hydroelectric project,1
20000301-0117,North Umqua Hydroelectric,North Umqua Hydroelectric Project,1
