comid,UltOrg,Affiliate,PACShort,Catcode
C00001289,Chevron Corp; Union Oil; Unocal Corp,Chevron Corp; NA,Unocal Corp; Union Oil,E1110; E1120
C00002972,National Rural Electric Cooperative Assn,National Rural Electric Cooperative Assn,National Rural Electric Cooperative Assn,E1610
C00004952,National Rural Electric Cooperative Assn,National Rural Electric Cooperative Assn,Mississippi ACRE,E1610
C00004960,Burlington Resources; ConocoPhillips,NA; ConocoPhillips,Burlington Resources,E1120
C00007450,American Gas Assn,"NA",American Gas Assn,E1140
C00007849,National Rural Electric Cooperative Assn,National Rural Electric Cooperative Assn,Speak Up for Rural Electrification,E1610
C00008169,National Rural Electric Cooperative Assn,National Rural Electric Cooperative Assn,Missouri ACRE,E1610
C00008748,Pacific Enterprises; Sempra Energy,NA; Sempra Energy,Pacific Enterprises; Southern California Gas; Sempra Energy,E1140; E1620
C00010561,National Rural Electric Cooperative Assn,National Rural Electric Cooperative Assn,Kansas ACRE,E1610
C00010710,National Rural Electric Cooperative Assn,National Rural Electric Cooperative Assn,North Carolina Assn of Electric Coops; National Rural Electric Cooperative Assn,E1610
C00010967,Dominion Resources; Consolidated Gas Transmission Corp; Consolidated Natural Gas,Dominion Resources; NA; Consolidated Natural Gas,Dominion Transmission & Storage; Consolidated Gas Transmission Corp; CNG Transmission Corp,E1140
C00011387,National Rural Electric Cooperative Assn,National Rural Electric Cooperative Assn,Colorado ACRE,E1610
C00013995,Iowa Resources Inc; Midwest Resources Inc,NA; Midwest Resources Inc,Iowa Resources Inc; Midwest Resources Inc,E1600; E1620
C00014472,Dominion Resources; Consolidated Natural Gas,Dominion Resources; Consolidated Natural Gas,East Ohio Gas,E1140
C00015925,Indiana Gas,"NA",Indiana Gas,E1140
C00015933,Pinnacle West Capital,"NA",Pinnacle West Capital; Arizona Public Service Co,E1600
C00019653,Edison International; SCEcorp,"NA",Edison International; Southern California Edison,E1600
C00025346,Sunoco Inc; Energy Transfer Equity; Sun Co,NA; Energy Transfer Equity,Sunoco Inc; Sun Co,E1160
C00025395,PNM Resources; Public Service Co of New Mexico,"NA",Public Service Co of New Mexico,E1600; E1620
C00030676,USX Corp,USX Corp,USX Corp,E1100
C00032771,Transco Energy Co; Williams Companies,Transco Energy Co; Williams Companies,Texas Gas Transmission,E1140
C00032805,BP; Atlantic Richfield,BP; NA,Atlantic Richfield,E1110
C00033167,Dominion Resources; Consolidated Natural Gas,Dominion Resources; Consolidated Natural Gas,Dominion Peoples Natural Gas; Peoples Natural Gas,E1140
C00033530,BP; British Petroleum,BP; NA,BP; BP America,E1110
C00034041,Kerr-McGee Corp; Anadarko Petroleum,NA; Anadarko Petroleum,Kerr-McGee Corp; Anadarko Petroleum,E1120; E1160
C00034728,True Companies,"NA",True Companies,E1120
C00035006,Chevron Corp; ChevronTexaco,NA; ChevronTexaco; Chevron Corp,Chevron Corp; ChevronTexaco,E1110
C00035055,DuPont Co,DuPont Co,Conoco Inc,E1100
C00035204,Petroleum Marketers Assn,Petroleum Marketers Assn,Petroleum Marketers Assn,E1170
C00035527,Occidental Petroleum,Occidental Petroleum,Occidental Oil & Gas,E1110
C00035709,TXU Corp; Texas Utilities Co; Enserch Corp,TXU Corp; Texas Utilities Co; NA,TXU Corp/Transmission & Pipeline; Texas Utilities Co/Pipeline; Enserch Corp,E1120; E1140
C00039503,Shell Oil; Royal Dutch Shell,Shell Oil; NA,Shell Oil,E1110
C00039610,HOUPAC,"NA",HOUPAC,E1120
C00040394,Williams Companies,NA; Williams Companies,Williams Companies,E1140
C00040568,USX Corp; Marathon Oil,USX Corp; NA,Marathon Oil,E1100; E1110
C00040824,Dominion Resources; Consolidated Natural Gas,Dominion Resources; Consolidated Natural Gas,Consolidated Natural Gas,E1140
C00040881,National Rural Electric Cooperative Assn,National Rural Electric Cooperative Assn,Ohio ACRE,E1610
C00040907,Panhandle Eastern Corp; PanEnergy Corp; Duke Energy,Panhandle Eastern Corp; NA; Duke Energy,Texas Eastern Gas Transmission; PanEnergy Corp; Duke Energy,E1140; E1620
C00041038,Washington Water Power; Avista Corp,"NA",Washington Water Power; Avista Corp,E1600; E1620
C00041178,Texaco; ChevronTexaco,NA; ChevronTexaco,Texaco; ChevronTexaco,E1110
C00041376,Constellation Energy; Exelon Corp; Baltimore Gas & Electric,NA; Exelon Corp,Constellation Energy; Baltimore Gas & Electric,E1620
C00041418,Panhandle Eastern Corp,Panhandle Eastern Corp,Panhandle Eastern Corp,E1140
C00041616,Mapco Inc,"NA",Mapco Inc,E1160
C00041947,ABB Group,"NA",ABB Group,E1700
C00048702,New England Power Co; New England Electric System; National Grid USA; National Grid plc,NA; National Grid plc,New England Power Co; National Grid USA,E1600; E1620
C00049056,Kaneb Services,"NA",Kaneb Services,E1100
C00050310,Sonat Inc; Southern Natural Resources,"NA",Sonat Inc,E1140
C00051979,NiSource Inc; Columbia Gas System; Columbia Energy Group,NiSource Inc; Columbia Gas System; Columbia Energy Group,Columbia Energy Group; Columbia Gas System; NiSource Inc,E1140; E1620
C00054890,NiSource Inc; Columbia Gas System,NiSource Inc; Columbia Gas System,Columbia Gas Distribution; Columbia Gas of Ohio,E1140
C00055236,NiSource Inc; Columbia Gas System,NiSource Inc; Columbia Gas System,Columbia Gas Transmission; Columbia Natural Resources,E1120
C00055616,Consolidated Edison of New York; Consolidated Edison Inc,NA; Consolidated Edison Inc,Consolidated Edison of New York,E1620
C00056572,American Electric Power; Central & South West Corp,American Electric Power; Central & South West Corp,Public Service Co of Oklahoma,E1600
C00059477,Xcel Energy; Southwestern Public Service Co; New Century Energies,Xcel Energy; NA; New Century Energies,Southwestern Public Service Co,E1600
C00060079,Pennzoil-Quaker State; Pennzoil Co,Pennzoil-Quaker State; NA,Pennzoil-Quaker State; Pennzoil Co,E1160
C00060103,BP; Amoco Corp,BP; NA,BP; Amoco Corp,E1110
C00062760,Panhandle Energy,"NA",Panhandle Energy,E0000
C00063024,Service Station Dealers of America,"NA",Service Station Dealers of America,E1170
C00063131,Sempra Energy; San Diego Gas & Electric,Sempra Energy; NA,San Diego Gas & Electric,E1620
C00063461,McDermott International; McDermott Inc,McDermott International; McDermott Inc,Babcock & Wilcox Enterprises,E1700
C00064774,FPL Group; NextEra Energy,"NA",Florida Power & Light; NextEra Energy,E1600
C00066985,OGE Energy; Oklahoma Gas & Electric,OGE Energy; NA,Oklahoma Gas & Electric,E1620
C00068056,Montana Power; NorthWestern Corp,NA; NorthWestern Corp,Montana Power; NorthWestern Energy,E1620
C00075473,CMS Energy; Consumers Power Co,"NA",CMS Energy; Consumers Power Co,E1620
C00075994,Ashland Inc; Ashland Oil,Ashland Inc; Ashland Oil,Ashland Inc; Ashland Oil,E1160
C00076703,National Rural Electric Cooperative Assn,National Rural Electric Cooperative Assn,Iowa Assn of Electric Cooperatives; Iowa ACRE,E1610
C00076737,Southwest Gas,NA; Southwest Gas,Southwest Gas,E1140
C00077198,Pacificorp,Pacificorp,Pacific Power & Light (Wyoming),E1600
C00077305,Southern Co,Southern Co,Alabama Power,E1600
C00077370,Tesoro Petroleum; Pacific Resources; Broken Hill Proprietary,Tesoro Petroleum; NA; Broken Hill Proprietary,Tesoro Hawaii Corp; Pacific Resources; BHP Petroleum Americas,E1160
C00079442,Texas Utilities Co,Texas Utilities Co,Texas Utilities Electric Co/TP&L Div,E1600
C00079483,Texas Utilities Co,Texas Utilities Co,Texas Utilities Electric Co/Tesco Div,E1600
C00079681,National Propane Gas Assn,"NA",National Propane Gas Assn,E1190
C00079723,Texas Utilities Co,Texas Utilities Co,Texas Utilities Electric Co/DP&L Div,E1600
C00079756,El Paso Electric,"NA",El Paso Electric,E1600
C00081075,American Independent Refiners Assn,"NA",American Independent Refiners Assn,E1160
C00081273,Berkshire Hathaway; Midwest Energy Co; Midwest Resources Inc; MidAmerican Energy,Berkshire Hathaway; NA; Midwest Resources Inc; MidAmerican Energy,MidAmerican Energy; Midwest Energy Co; Midwest Resources Inc,E1620
C00081455,Centerpoint Energy; Houston Industries; RRI Energy; NRG Energy,Centerpoint Energy; NA; Houston Industries; NRG Energy,Reliant Energy; Houston Industries; RRI Energy; GenOn Energy,E1600; E1620; E1630
C00081471,Washington Natural Gas; Puget Sound Energy,NA; Puget Sound Energy,Washington Natural Gas,E1140
C00081547,Detroit Edison; DTE Energy,NA; DTE Energy,Detroit Edison; DTE Energy,E1600; E1620
C00082008,Portland General Electric; Enron Corp,NA; Enron Corp,Portland General Electric,E1600
C00082248,Central & South West Corp; American Electric Power,Central & South West Corp; American Electric Power,Central Power & Light,E1600
C00082313,Dallas Energy,"NA",Dallas Energy,E1120
C00082420,American Electric Power; Central & South West Corp,American Electric Power; Central & South West Corp,West Texas Utilities,E1600
C00082800,PacifiCorp; Berkshire Hathaway; Pacificorp,NA; Berkshire Hathaway; Pacificorp; PacifiCorp,PacifiCorp; Pacific Power & Light,E1600
C00082818,Centerpoint Energy; Arkla Inc; Entex; NorAm Energy; Houston Industries,Centerpoint Energy; Arkla Inc; Entex; NorAm Energy; Houston Industries,Reliant Energy Entex; Arkla Inc; Entex,E1140
C00083089,Central & South West Corp; American Electric Power,Central & South West Corp; American Electric Power,Central & South West Services,E1600
C00083337,National Rural Electric Cooperative Assn,National Rural Electric Cooperative Assn,Louisiana ACRE,E1610
C00083535,Duke Energy; Duke Power,Duke Energy; NA,Duke Energy; Duke Power,E1140; E1600; E1620
C00083758,National Fuel Gas Corp,"NA",National Fuel Gas Corp,E1140
C00083808,Michigan Petroleum Assn,"NA",Michigan Petroleum Assn,E1120
C00083832,IDACORP Inc; Idacorp Inc,"NA",Idaho Power,E1600
C00083857,Occidental Petroleum,Occidental Petroleum; NA,Occidental Petroleum,E1100; E1110
C00084988,American Electric Power; Central & South West Corp,American Electric Power; Central & South West Corp,Southwestern Electric Power,E1600
C00087965,Mitchell Energy & Development,"NA",Mitchell Energy & Development,E1120; E1140
C00088377,Southern Union,"NA",Southern Union,E1140
C00088906,Interstate Power; Alliant Inc,NA; Alliant Inc,Interstate Power,E1620
C00091702,Coastal Corp; El Paso Corp,NA; El Paso Corp,Coastal Corp; El Paso Corp,E1140
C00091884,Progress Energy; Carolina Power & Light,Progress Energy; NA,Progress Energy; Carolina Power & Light,E1600
C00092254,Transco Energy; Williams Companies,Transco Energy; Williams Companies,Transco Energy,E1140
C00092833,Northern Indiana Public Service Co,"NA",Northern Indiana Public Service Co,E1620
C00093948,El Paso Energy; El Paso Corp; Burlington Northern; El Paso Natural Gas,NA; El Paso Corp; Burlington Northern,El Paso Energy; El Paso Corp; El Paso Natural Gas,E1140
C00094276,Maxus Energy Corp,"NA",Maxus Energy Corp,E1120
C00095406,Exxon Mobil; Mobil Oil,Exxon Mobil; NA,Exxon Mobil; Mobil Oil,E1110
C00095869,Edison Electric Institute,"NA",Edison Electric Institute,E1600
C00095984,Quaker State Oil Refining Corp,"NA",Quaker State Oil Refining Corp,E1160
C00096743,Petroleum Marketers Assn,Petroleum Marketers Assn,Illinois Petroleum Marketers Assn,E1170
C00096842,American Electric Power,American Electric Power,American Electric Power,E1600
C00096859,Public Service Co of Indiana; Cinergy Corp,NA; Cinergy Corp,Public Service Co of Indiana; PSI Energy,E1600
C00097758,Questar Corp; Dominion Resources,NA; Dominion Resources,Questar Corp,E1140
C00097865,National Assn of Truck Stop Operators,"NA",National Assn of Truck Stop Operators,E1170
C00099366,Energy East Corp; Connecticut Natural Gas,Energy East Corp; NA,Connecticut Natural Gas,E1140
C00099937,Cooper Industries,"NA",Cooper Industries,E1700
C00099945,Wisconsin Energy Corp; WEC Energy Group,"NA",Wisconsin Electric Power; We Energies,E1600; E1620
C00100347,Entergy Corp,Entergy Corp,Entergy Mississippi; Mississippi Power & Light,E1600
C00100727,Entergy Corp,Entergy Corp,Entergy Services,E1600; E1620
C00100826,Circle K Corp,"NA",Circle K Corp,E1170
C00101592,Puget Sound Power & Light; Puget Sound Energy; Puget Equico,NA; Puget Sound Energy,Puget Sound Power & Light; Puget Sound Energy,E1600; E1620
C00101709,Peoples Energy,"NA",Peoples Energy,E1140
C00102087,Gulf Resources Corp; Mustang Energy Corp,"NA",Mustang Fuel Corp; Mustang Energy Corp,E1120; E1140
C00102152,Washington Gas Light Co,"NA",Washington Gas Light Co,E1140
C00102160,Northeast Utilities; Eversource Energy,NA; Northeast Utilities,Northeast Utilities; Eversource Energy,E1600; E1620
C00102798,TNP Enterprises; Texas-New Mexico Power,"NA",Texas-New Mexico Power,E1600
C00102947,DPL Inc; AES Corp; Dayton Power & Light,NA; AES Corp,Dayton Power & Light,E1600; E1620
C00103028,KN Energy,"NA",KN Energy,E1140
C00103697,Bechtel Group,"NA",Bechtel Group,E1700
C00103788,Entergy Corp; Gulf States Utilities,Entergy Corp; NA,Entergy Gulf States; Gulf States Utilities,E1600; E1620
C00103911,Mississippi Valley Gas Co,"NA",Mississippi Valley Gas Co,E1140
C00103978,National Rural Electric Cooperative Assn,National Rural Electric Cooperative Assn,Indiana ACRE,E1610
C00104810,Enron Corp,Enron Corp; NA,Enron Corp,E1100; E1140
C00106625,Noble Affiliates,"NA",Noble Affiliates,E1120
C00107771,Xcel Energy; Northern States Power,Xcel Energy; NA,Xcel Energy; Northern States Power,E1620
C00107813,WPS Resources; Integrys Energy Group; Wisconsin Public Service Corp,WPS Resources; NA; Integrys Energy Group,Wisconsin Public Service Corp,E1620
C00108209,Dominion Resources,NA; Dominion Resources,Dominion Resources,E1600; E1620
C00109264,Iowa-Illinois Gas & Electric; MidAmerican Energy Co,NA; MidAmerican Energy Co,Iowa-Illinois Gas & Electric; MidAmerican Energy Co,E1620
C00109546,Valero Energy,"NA",Valero Energy,E1160
C00109793,American Petrofina; Fina Inc,"NA",American Petrofina; Fina Inc,E1120; E1160
C00109801,Entergy Corp,Entergy Corp,Louisiana Power & Light,E1600
C00110973,Conectiv; Delmarva Power & Light,"NA",Conectiv; Delmarva Power & Light,E1620
C00111310,Kansas City Power & Light; Great Plains Energy; Evergy Inc,NA; Great Plains Energy; Evergy Inc,Kansas City Power & Light,E1600
C00111427,Mid-Continent Oil & Gas Assn; Mid-Con Oil & Gas,Mid-Continent Oil & Gas Assn; NA; Mid-Con Oil & Gas,Mid-Continent Oil & Gas Assn,E1120
C00112896,Phillips Petroleum; ConocoPhillips,NA; Phillips Petroleum; ConocoPhillips,Phillips Petroleum; ConocoPhillips,E1110
C00113035,Entergy Corp,Entergy Corp,Entergy Arkansas; Arkansas Power & Light,E1600
C00113233,Research-Cottrell,"NA",Research-Cottrell,E2000
C00114207,Louisiana Energy PAC,"NA",Louisiana Energy PAC,E1120
C00115030,AES Corp; Indianapolis Power & Light; Ipalco Enterprises,AES Corp; NA,Ipalco Enterprises; Indianapolis Power & Light,E1600
C00115212,Entergy Corp,Entergy Corp,New Orleans Public Service Inc,E1620
C00115345,USX Corp; Koch Industries,USX Corp; Koch Industries,Delhi Gas Pipeline Corp,E1140
C00116004,Northville Industries,"NA",Northville Industries,E1160; E1180
C00116145,Interstate Natural Gas Assn of America,"NA",Interstate Natural Gas Assn of America,E1140
C00116400,Phillips Petroleum; Tosco Corp,Phillips Petroleum; NA,Phillips Petroleum; Tosco Corp,E1110; E1160
C00117226,Kentucky Gasoline Dealers Assn,"NA",Kentucky Gasoline Dealers Assn,E1170
C00118885,Potomac Electric Power; PEPCO Holdings,NA; PEPCO Holdings,Potomac Electric Power,E1600
C00118935,Central Illinois Public Service Co,"NA",Central Illinois Public Service Co,E1620
C00119321,NSTAR; Boston Edison,"NA",NSTAR; Boston Edison,E1600
C00119776,Southern Co,Southern Co,Georgia Power,E1600
C00120030,Society of Independent Gasoline Marketers,"NA",Society of Independent Gasoline Marketers,E1170
C00120519,Southern Co,Southern Co,Gulf Power,E1600
C00120808,Mid-Continent Oil & Gas Assn; Dixie Oil Producers; Mid-Con Oil & Gas,Mid-Continent Oil & Gas Assn; NA; Mid-Con Oil & Gas,Mid-Continent Oil & Gas Assn/Ala Div; Dixie Oil Producers; Mid-Continent Oil & Gas Assn/MS-AL Div,E1120
C00121368,Exxon Mobil; Exxon Corp,Exxon Mobil; NA,Exxon Mobil; Exxon Corp,E1110
C00125658,Niagara Mohawk Power,"NA",Niagara Mohawk Power,E1600; E1620
C00125732,Black Hills Corp; Black Hills Power & Light,"NA",Black Hills Corp; Black Hills Power & Light,E1600; E1620
C00127381,BOC Group,"NA",BOC Group,E1140
C00129205,National Rural Electric Cooperative Assn,National Rural Electric Cooperative Assn,South Dakota ACRE,E1610
C00129270,Tesoro Petroleum,"NA",Tesoro Petroleum,E1120; E1160
C00130575,GPU Inc; FirstEnergy Corp; General Public Utilities,NA; FirstEnergy Corp,GPU Inc; General Public Utilities,E1600
C00131235,Public Service Co of Colorado; New Century Energies,NA; New Century Energies,Public Service Co of Colorado,E1620
C00131375,Energy Consumers & Producers Assn,"NA",Energy Consumers & Producers Assn,E1120
C00131540,Independent Producers Group,"NA",Independent Producers Group,E1120
C00132092,Alliant Energy; Wisconsin Power & Light; Alliant Inc,NA; Alliant Inc,Alliant Energy; Wisconsin Power & Light; Alliant Inc,E1620
C00133462,Iowa-Illinois Gas And Electric Co; Mid-American Energy Co,"NA",Iowa-Illinois Gas And Electric Co; Mid-American Energy Co,E0000
C00133561,National Rural Electric Cooperative Assn,National Rural Electric Cooperative Assn,Oklahoma ACRE,E1610
C00133660,Independent Energy PAC,"NA",Independent Energy PAC,E1630
C00135764,New Jersey Gasoline Retailers Assn,"NA",New Jersey Gasoline Retailers Assn,E1170
C00135855,Energen Corp; Diamondback Energy; Alagasco Inc,NA; Diamondback Energy,Energen Corp; Alagasco Inc,E1120; E1140
C00136317,McDermott International,McDermott International,McDermott International,E1700
C00139105,Ohio Petroleum Retailers & Repair Assn; Northern Ohio Petroleum Retailers Assn,"NA",Ohio Petroleum Retailers & Repair Assn; Northern Ohio Petroleum Retailers Assn,E1170
C00139360,National Rural Electric Cooperative Assn,National Rural Electric Cooperative Assn,Montana ACRE,E1610
C00139642,American Electric Power,American Electric Power,American Electric Power; Indiana Michigan Power,E1600
C00139667,UGI Corp; Ugi Corp,"NA",UGI Corp; Ugi Corp,E1140
C00140277,Com/Energy Services,"NA",Com/Energy Services,E1620
C00140855,FirstEnergy Corp; Ohio Edison,FirstEnergy Corp; NA,FirstEnergy Corp; Ohio Edison,E1600
C00141150,KeySpan Energy; Brooklyn Union Gas,KeySpan Energy; NA,Brooklyn Union Gas,E1140
C00141218,Exelon Corp; Commonwealth Edison,Exelon Corp; NA,Exelon Corp; Commonwealth Edison,E1600
C00141333,Orange & Rockland Utilities,"NA",Orange & Rockland Utilities,E1620
C00141879,Deblois Oil; PETRO,"NA",Deblois Oil,E1160; E1180
C00141945,Hunt Companies; Rrh Corp,"NA",Hunt Oil,E1120
C00142158,Ogden Corp; Covanta Energy Corp; Covanta Holding,"NA",Ogden Corp; Covanta Energy Corp,E1000; E1630; E2000
C00142489,Allete Inc; Minnesota Power & Light; Minnesota Power,"NA",Allete Inc; Minnesota Power & Light; Minnesota Power,E1600
C00144147,Southern Co,Southern Co,Mississippi Power,E1600
C00144774,Southern Co,Southern Co,Southern Co,E1600; E1620
C00144824,Piedmont Natural Gas; Duke Energy,NA; Duke Energy,Piedmont Natural Gas,E1140
C00145037,AGL Resources; Southern Co Gas; Atlanta Gas Light Co,AGL Resources; Southern Co Gas; NA,AGL Resources; Southern Co Gas; Atlanta Gas Light Co,E1140
C00145540,American Electric Power,American Electric Power,Ohio Power,E1600
C00145722,Murphy Oil,Murphy Oil; NA,Murphy Oil,E1120; E1160
C00146084,Williams Companies,Williams Companies,Williams Companies,E1140
C00147256,Occidental Petroleum,Occidental Petroleum,Midcon Corp; MidCon Corp,E1140
C00147819,NiSource Inc; Bay State Gas,NiSource Inc; NA,Bay State Gas,E1140
C00147918,Ecology & Environment Inc,"NA",Ecology & Environment Inc,E2000
C00148106,Red Apple Group,"NA",United Refining,E1160
C00148411,Wickland Oil,"NA",Wickland Oil,E1170
C00149484,Progress Energy; Florida Power; Florida Progress Corp,Progress Energy; NA,Florida Power,E1600
C00149765,National Assn of Texaco Wholesalers,"NA",National Assn of Texaco Wholesalers,E1160
C00151175,Equitable Resources; EQT Corp,"NA",Equitable Resources; EQT Corp,E1120; E1140
C00152934,Permian Corp; National Intergroup,NA; National Intergroup,Permian Corp,E1160
C00153379,Sierra Pacific Resources; NV Energy; Berkshire Hathaway,NA; Berkshire Hathaway; Sierra Pacific Resources,Sierra Pacific Resources; NV Energy,E1620
C00156471,Energy East Corp; New York State Electric & Gas,Energy East Corp; NA,New York State Electric & Gas,E1620
C00157107,Dynegy Inc; Illinois Power,Dynegy Inc; NA,Illinois Power,E1620
C00158113,American Electric Power,American Electric Power,Columbus Southern Power,E1600
C00159244,Associated Retail Gasoline Dealers,"NA",Petroleum Retailers & Auto Repair Assn,E1100; E1170
C00159418,MCN Energy Group; DTE Energy; Michigan Consolidated Gas,NA; DTE Energy,MCN Energy Group; Michigan Consolidated Gas,E1140
C00160085,Dominion Resources; Consolidated Natural Gas,Dominion Resources; Consolidated Natural Gas,CNG Producing Co,E1120
C00160101,Exelon Corp; PECO Energy; Philadelphia Electric,Exelon Corp; NA,PECO Energy; Philadelphia Electric,E1600; E1620
C00161422,TECO Energy,"NA",TECO Energy,E1600; E1620
C00161570,American Public Power Assn,"NA",American Public Power Assn,E1600
C00161745,PacifiCorp; Kennecott Corp,PacifiCorp; Kennecott Corp,Nerco Oil & Gas,E1120
C00162396,Missouri Public Service Co,"NA",Missouri Public Service Co,E1620
C00163253,MDU Resources Group,"NA",MDU Resources Group,E1600; E1620
C00164244,DQE Inc; Duquesne Light Holdings; Duquesne Light Co,NA; Duquesne Light Co,Duquesne Light Co,E1600
C00164970,Nicor Inc; AGL Resources,NA; AGL Resources,Nicor Inc,E1140
C00165290,FirstEnergy Corp; Pennsylvania Power,FirstEnergy Corp; NA,Pennsylvania Power,E1600
C00165878,Cleco Corp; Central Louisiana Electric,"NA",Cleco Corp; Central Louisiana Electric,E1600
C00166082,Independent Oil & Gas Assn of PA; Independent Oil & Gas Assn of Pa; Pennsylvania Natural Gas,"NA",Independent Oil & Gas Assn of PA; Independent Oil & Gas Assn of Pa; Pennsylvania Natural Gas,E1120; E1140
C00167106,Northeast Utilities,Northeast Utilities,Public Service Co of New Hampshire,E1600
C00167940,Kroger Co,Kroger Co,Mini Mart,E1170
C00172015,Gulf Coast Assn of Alabama,"NA",Gulf Coast Assn of Alabama,E2000
C00174136,Ocean Drilling & Exploration Co,"NA",Ocean Drilling & Exploration Co,E0000
C00174367,Northwest Natural Gas,"NA",Northwest Natural Gas,E1140
C00177469,PG&E Corp; Pacific Gas & Electric,PG&E Corp; NA,PG&E Corp; Pacific Gas & Electric,E1620
C00183434,Independent Oil Producers' Agency,"NA",Independent Oil Producers' Agency,E1120
C00185975,Cooperative Power Assn,"NA",Cooperative Power Assn,E1610
C00187799,NorthWestern Corp; Northwestern Public Service Co,NA; NorthWestern Corp; Northwestern Public Service Co,NorthWestern Energy; Northwestern Public Service Co,E1620
C00190306,American Wind Energy Assn,NA; American Wind Energy Assn,American Wind Energy Assn,E1500
C00190652,Southwestern Energy,"NA",Southwestern Energy,E1120; E1140
C00190983,Environmental Elements Corp,"NA",Environmental Elements Corp,E2000
C00193185,Cincinnati Gas & Electric; Cinergy Corp,NA; Cinergy Corp,Cincinnati Gas & Electric,E1620
C00194852,Foster Wheeler,"NA",Foster Wheeler,E1700
C00195776,Lear Petroleum Corp,"NA",Lear Petroleum Corp,E1160
C00197855,Reliant Energy; Arkla Inc; NorAm Energy; Houston Industries,Reliant Energy; Arkla Inc; NorAm Energy; Houston Industries,NorAm Energy; Arkla Inc,E1140
C00198366,Dominion Resources; Consolidated Natural Gas; Hope Gas,Dominion Resources; Consolidated Natural Gas; NA,Hope Gas,E1140
C00198440,Kansas Gas & Electric,"NA",Kansas Gas & Electric,E1620
C00199653,Stewart & Stevenson,"NA",Stewart & Stevenson,E1700
C00200907,Scana Corp,"NA",Scana Corp,E1620
C00202564,Mesa Petroleum,Mesa Petroleum,Mesa Petroleum,E1120
C00202853,Iowa Electric Light & Power; IES Industries Inc,"NA",Iowa Electric Light & Power; IES Industries Inc,E1620
C00202911,Crown Central Petroleum,"NA",Crown Central Petroleum,E1160
C00203653,Independent Energy Producers PAC,"NA",Independent Energy Producers PAC,E1630
C00204180,FuelCell Energy; Energy Research Corp,"NA",FuelCell Energy; Energy Research Corp,E1700
C00205047,RGS Energy; Rochester Gas & Electric,"NA",Rochester Gas & Electric,E1620
C00206136,Ameren Corp; Union Electric,"NA",Ameren Corp; Union Electric,E1600
C00206995,Rosewood Corp,"NA",Rosewood Corp,E1120
C00207761,National Rural Electric Cooperative Assn,National Rural Electric Cooperative Assn,Virginia ACRE,E1610
C00207878,Sierra Pacific Resources,Sierra Pacific Resources,Sierra Pacific Resources,E1620
C00208249,Empire District Electric; Liberty Utilities,NA; Liberty Utilities,Empire District Electric,E1600; E1620
C00208520,Kentucky Utilities,"NA",Kentucky Utilities,E1600
C00209940,Greater Wash/Md Service Station Assn,"NA",Greater Wash/Md Service Station Assn,E1170
C00210534,Pekin Energy,"NA",Pekin Energy,E1500
C00211615,UtiliCorp United; Aquila Inc; Great Plains Energy,NA; Great Plains Energy; UtiliCorp United,UtiliCorp United; Aquila Inc; Black Hills Energy,E1620
C00213090,Pride Refining Co,"NA",Pride Refining Co,E1160
C00214429,Centerior Energy Corp; FirstEnergy Corp,Centerior Energy Corp; FirstEnergy Corp,Centerior Energy Corp; FirstEnergy Corp,E1600
C00214601,Americans for Sound Energy Policy,"NA",Americans for Sound Energy Policy,E1600
C00214940,Public Service Enterprise Group; Public Service Electric & Gas Company,NA; Public Service Enterprise Group,Public Service Electric & Gas; Public Service Electric & Gas Company,E1620
C00215384,ONEOK Inc; Oneok Inc,NA; ONEOK Inc,ONEOK Inc; Oneok Inc,E1140
C00215509,National Rural Electric Cooperative Assn,National Rural Electric Cooperative Assn,Idaho ACRE,E1610
C00215921,Public Service Co of NH/Yankee Div; Public Service Co of NH,NA; Public Service Co of NH,Public Service Co of NH/Yankee Div,E1600
C00215939,Ultramar Diamond Shamrock; Diamond Shamrock R&M Inc; Diamond Shamrock Inc,"NA",Ultramar Diamond Shamrock; Diamond Shamrock R&M Inc; Diamond Shamrock Inc,E1160
C00216341,UIL Holdings; Iberdrola SA; United Illuminating,NA; Iberdrola SA,United Illuminating,E1600
C00218040,KPL Gas Service; Western Resources Inc; Westar Energy,"NA",KPL Gas Service; Western Resources Inc; Westar Energy,E1140; E1620
C00219774,WPS Resources; Upper Peninsula Power,WPS Resources; NA,Upper Peninsula Power,E1620
C00220269,Basin Electric Power Co-op; Basin Electric Power Co-Op,"NA",Basin Electric Power Co-op; Basin Electric Power Co-Op,E1610
C00222109,Atlantic City Electric,"NA",Atlantic City Electric,E1600
C00226548,Energy Future Holdings Corp; Vistra Energy; Texas Utilities Co; TXU Corp,Energy Future Holdings Corp; Vistra Energy; Texas Utilities Co; TXU Corp,Energy Future Holdings Corp; Vistra Energy; Texas Utilities Co; TXU Corp,E1600; E1620
C00228106,PPL Corp; Pennsylvania Power & Light; PP&L Resources,NA; PPL Corp,PPL Corp; Pennsylvania Power & Light,E1600
C00228759,Oxford Energy Co,"NA",Oxford Energy Co,E1500
C00228866,United Gas Pipe Line Co; Koch Industries,NA; Koch Industries,United Gas Pipe Line Co; Koch Gateway Pipeline,E1140
C00230714,New Jersey Resources Corp,"NA",New Jersey Resources Corp,E1140
C00230821,National Independent Energy Producers,"NA",National Independent Energy Producers,E1600
C00231571,Graham Resources,"NA",Graham Resources,E1120
C00231910,Service Station Dealers Assn/Michigan; Service Station Dealers Assn/Mich,"NA",Service Station Dealers Assn/Michigan; Service Station Dealers Assn/Mich,E1170
C00231951,Anadarko Petroleum,Anadarko Petroleum; NA,Anadarko Petroleum,E1120
C00234773,Oryx Energy,"NA",Oryx Energy,E1120; E1700
C00234963,American Electric Power,American Electric Power,American Electric Power Fuel Supply,E1600
C00235556,CNG Development Co,"NA",CNG Development Co,E1120
C00235986,American Electric Power,American Electric Power,Appalachian Power,E1600
C00236067,Harza Engineering,"NA",Harza Engineering,E1700
C00236489,Koch Industries,NA; Koch Industries,Koch Industries,E1160
C00240069,Vectren Corp; Southern Indiana Gas & Electric,"NA",Southern Indiana Gas & Electric; Vectren Corp,E1620
C00242370,Montgomery Watson Americas; MWH Global; Montgomery Engineering,"NA",Montgomery Watson Americas; MWH Americas; Montgomery Engineering,E2000
C00242792,TEX/CON Oil & Gas,"NA",TEX/CON Oil & Gas,E1140
C00243444,EnergySouth; Sempra Energy; Mobile Gas Service Corp,NA; Sempra Energy,Mobile Gas Service Corp; EnergySouth,E1140
C00243865,Cabot Oil & Gas,"NA",Cabot Oil & Gas,E1120
C00246033,Entergy Corp,Entergy Corp,Entergy Operations,E1600; E1700
C00246306,Independent Petroleum Assn of America,Independent Petroleum Assn of America; NA,Independent Petroleum Assn of America,E1120
C00246579,Halliburton Co,Halliburton Co,NUS Corp; Halliburton NUS Environmental Corp,E2000
C00247510,Powell Industries,"NA",Powell Industries,E1700
C00247775,PowerGen; Eon AG; PPL Corp; Louisville Gas & Electric,NA; PPL Corp,Louisville Gas & Electric; Eon US,E1620
C00248583,Burlington Northern,Burlington Northern,El Paso Natural Gas,E1140
C00249599,Dow Chemical; Destec Energy,Dow Chemical; NA,Destec Energy,E1600
C00250910,AGL Resources; Virginia Natural Gas,AGL Resources; NA,Virginia Natural Gas,E1140
C00251843,Roy F Weston Inc; Weston Solutions,"NA",Roy F Weston Inc; Weston Solutions,E2000
C00252437,Kamo Electric Cooperative,"NA",Kamo Electric Cooperative,E1610
C00255950,Energy Future Holdings Corp; Vistra Energy; Texas Utilities Co; TXU Corp,Energy Future Holdings Corp; Vistra Energy; Texas Utilities Co; TXU Corp,Energy Future Holdings Corp; Vistra Energy; Texas Utilities Co; TXU Corp,E1600; E1620
C00255992,Energy Future Holdings Corp; TXU Corp,Energy Future Holdings Corp; TXU Corp,Oncor Electric Delivery; TXU Corp; Oncor Group; TXU Electric Delivery,E1600; E1620
C00256958,Giant Industries,"NA",Giant Industries,E1160
C00258335,Entergy Corp,Entergy Corp,Entergy Operations,E1600; E1700
C00259572,American Wind Energy Assn,NA; American Wind Energy Assn,American Wind Energy Assn,E1500
C00259622,Red Apple Group,"NA",United Refining,E1160; E1170
C00260463,Entergy Corp,Entergy Corp,Louisiana Power & Light/New Orleans; Louisiana Power & Light,E1600
C00262204,Tractebel Power,"NA",Tractebel Power,E1620
C00265595,AES Corp; AES Shady Point,AES Corp; NA,AES Corp; AES Shady Point,E1630
C00267955,Western Farmers Electric Cooperative,"NA",Western Farmers Electric Cooperative,E1610
C00271361,Berkshire Hathaway; California Energy,Berkshire Hathaway; NA,California Energy,E1500
C00276485,National Rural Electric Cooperative Assn,National Rural Electric Cooperative Assn,Wyoming ACRE,E1610
C00279224,Apache Corp,"NA",Apache Corp,E1110; E1120
C00279331,CONSOL Energy,"NA",CONSOL Energy,E1120
C00280933,Duquesne Light Co,Duquesne Light Co,Duquesne Light Co,E1600
C00281618,Total Petroleum Inc,"NA",Total Petroleum Inc,E1160
C00282053,Nuclear Fuel Services,"NA",Nuclear Fuel Services,E2000
C00285486,United Cities Gas Co,"NA",United Cities Gas Co,E1140
C00287508,OHM Corp,"NA",OHM Corp,E2000
C00292136,Otter Tail Corp,"NA",Otter Tail Power; Otter Tail Corp,E1600
C00292243,Missouri Gas Energy,"NA",Missouri Gas Energy,E1140
C00292375,Northwestern Public Service Co,Northwestern Public Service Co,Northwestern Public Service Co,E1620
C00295659,Triton Energy; Amerada Hess Corp,"NA",Triton Energy; Amerada Hess Corp,E1110; E1120
C00296533,Southern Co,Southern Co,Savannah Electric & Power,E1600
C00296616,Shell Oil; Central & South West Corp,Shell Oil; Central & South West Corp,Tejas Energy & Coral Energy; Transok Inc; TransOK Inc,E1140
C00298596,NiSource Inc; NIPSCO Industries,NiSource Inc; NA,NiSource Inc; Northern Indiana Public Service Co; NIPSCO Industries,E1620
C00298752,Chevron Corp,Chevron Corp,Chevron Corp/Texas,E1110
C00300137,Torch Energy Advisors,"NA",Torch Energy Advisors,E1100
C00300368,Entergy Corp,Entergy Corp,Entergy Corp,E1600; E1620
C00304964,Cinergy Corp; Duke Energy,NA; Duke Energy; Cinergy Corp,Cinergy Corp,E1620
C00307488,Georgia Assn of Petroleum Retailers,"NA",Georgia Assn of Petroleum Retailers,E1170
C00308718,XTO Energy,"NA",XTO Energy,E1120
C00317735,Environmental Chemical Corp,"NA",Environmental Chemical Corp,E2000
C00318766,Independent Petroleum Assn of America; California Independent Petroleum Assn,Independent Petroleum Assn of America; NA,California Independent Petroleum Assn,E1120
C00319194,Georgia Oilmen's Assn,"NA",Georgia Oilmen's Assn,E1100
C00323196,Anadarko Petroleum; Union Pacific Resources Group,Anadarko Petroleum; NA,Anadarko Petroleum; Union Pacific Resources Group,E1120
C00323444,Oil Heat Institute of Long Island,"NA",Oil Heat Institute of Long Island,E1180
C00324483,Berkshire Hathaway; MidAmerican Energy,Berkshire Hathaway; MidAmerican Energy,MidAmerican Energy; Berkshire Hathaway Energy,E1620
C00325183,Tenneco Inc; El Paso Natural Gas,Tenneco Inc; NA,Tenneco Energy,E1140
C00326009,Electric Power Supply Assn,"NA",Electric Power Supply Assn,E1600
C00326306,Entergy Corp,Entergy Corp,Entergy Enterprises,E1600
C00326447,Petroleum Marketers Assn,Petroleum Marketers Assn,Alabama Oilmens Assn,E1170
C00326579,Allegheny Energy,Allegheny Energy,Allegheny Energy,E1600; E1620
C00326603,PG&E Corp,PG&E Corp,PG&E Gas Transmission Texas,E1140
C00328971,Integrated Waste Services Assn,"NA",Integrated Waste Services Assn,E1500
C00329201,Midstream Fuel Service,"NA",Midstream Fuel Service,E1180
C00330837,Wyoming Refining,"NA",Wyoming Refining,E1160
C00332734,Xcel Energy; New Century Energies,Xcel Energy; New Century Energies,Xcel Energy; New Century Energies,E1620
C00333534,Houston Industries; Reliant Energy; CenterPoint Energy,Houston Industries; Reliant Energy; CenterPoint Energy; NA,Entex; Reliant Energy; CenterPoint Energy,E1140; E1620
C00333625,Unisource Energy,"NA",Unisource Energy,E1600
C00335232,Allegheny Energy,Allegheny Energy,Allegheny Energy,E1600; E1620
C00335588,Water Systems Council,"NA",Water Systems Council,E0000
C00337808,OGE Energy,OGE Energy; NA,OGE Energy,E1620
C00337881,Oregon Gasoline Dealers Assn,"NA",Oregon Gasoline Dealers Assn,E1180
C00340836,National Ground Water Assn,"NA",National Ground Water Assn,E2000
C00341784,Peoples Energy; Integrys Energy Group,NA; Integrys Energy Group,Peoples Energy; Integrys Energy Group,E1140; E1620
C00342766,Frontier Oil; HollyFrontier Corp,"NA",Frontier Oil; HollyFrontier Corp,E1160
C00343988,KeySpan Energy; National Grid plc,KeySpan Energy; NA; National Grid plc,KeySpan Energy; National Grid USA,E1620
C00344226,Dominion Resources,Dominion Resources,Dominion Resources,E1620
C00350066,Conoco Inc; ConocoPhillips,NA; ConocoPhillips,Conoco Inc; ConocoPhillips,E1110
C00350363,Dynegy Inc,Dynegy Inc; NA,Dynegy Inc,E1140; E1600
C00350710,National Rural Electric Cooperative Assn,National Rural Electric Cooperative Assn,Georgia ACRE,E1610
C00352674,Great River Energy,"NA",Great River Energy,E1630
C00353169,Pennzoil-Quaker State,Pennzoil-Quaker State; NA,Pennzoil-Quaker State,E1160
C00354035,Natural Fuel Gas Co,"NA",Seneca Resources,E1140
C00354753,Devon Energy,"NA",Devon Energy,E1120
C00355719,USEC Inc,"NA",USEC Inc,E1500
C00358366,Tesoro Petroleum; Tesoro Corp; Marathon Petroleum,Tesoro Petroleum; NA; Marathon Petroleum,Tesoro Petroleum; Tesoro Corp; Andeavor,E1160
C00362640,Calpine Corp,"NA",Calpine Corp,E1630
C00363796,AES Eastern Energy,"NA",AES Eastern Energy,E1630
C00363879,Entergy Corp,Entergy Corp,Entergy Corp,E1600; E1620
C00365007,Mirant Corp,"NA",Mirant Corp,E1600
C00365502,McDermott International; Babcock & Wilcox; Babcock & Wilcox Enterprises,McDermott International; NA,Babcock & Wilcox Enterprises,E1700
C00366559,Xcel Energy; NRG Energy,Xcel Energy; NA; NRG Energy,NRG Energy,E1630
C00368092,National Rural Electric Cooperative Assn,National Rural Electric Cooperative Assn,Louisiana ACRE,E1610
C00371062,Caithness Energy,NA; Caithness Energy,Caithness Energy,E1700
C00375568,Tractebel North America; GDF Suez Energy North America; GDF SUEZ; ENGIE,"NA",Tractebel North America; GDF Suez Energy North America; ENGIE North America,E1000
C00376848,Syntroleum Corp,"NA",Syntroleum Corp,E1140
C00377754,Florida Municipal Electric Assn,"NA",Florida Municipal Electric Assn,E1600
C00379396,Panda Energy International,"NA",Panda Energy International,E1630
C00381020,Enron Corp; Portland General Electric,Enron Corp; NA,Portland General Electric,E1600
C00381954,Atmos Energy,"NA",Atmos Energy,E1140
C00383489,Public Service Enterprise Group,Public Service Enterprise Group; NA,Public Service Enterprise Group,E1620
C00385831,Southern Union Co,Southern Union Co,New England Gas Co,E1140
C00385849,PEPCO Holdings; Exelon Corp,PEPCO Holdings; Exelon Corp,PEPCO Holdings,E1620
C00387878,EnviroCare of Utah,"NA",EnviroCare of Utah,E2000
C00388462,"Fortis Inc; Kohlberg, Kravis et al; ITC Holdings",Fortis Inc; NA,ITC Holdings; International Transmission Co,E1600; E1620
C00388751,Headwaters Inc,"NA",Headwaters Inc,E1000
C00388983,Arcadis NV,NA; Arcadis NV,Arcadis G&M; Arcadis US,E2000
C00389288,Chesapeake Energy,"NA",Chesapeake Energy,E1120
C00390062,Missouri Farmers for Biodiesel,"NA",Missouri Farmers for Biodiesel,E1500
C00390989,Westar Energy; Evergy Inc,NA; Evergy Inc,Westar Energy; Evergy Inc,E1600
C00396085,Hannon Armstrong Capital,"NA",Hannon Armstrong Capital,E1500
C00398255,Aiken Electric Cooperative,"NA",Aiken Electric Cooperative,E1600
C00398545,Millennium Cell,"NA",Millennium Cell,E1500
C00402941,Great Plains Energy,Great Plains Energy,Strategic Energy,E1600
C00404079,PG&E Corp,PG&E Corp,PG&E Corp,E1620
C00406801,Iberdrola SA; Energy East,Iberdrola SA; NA,Iberdrola USA; Avangrid; Energy East,E1500; E1620
C00407635,Consolidated Edison Inc,Consolidated Edison Inc; NA,Consolidated Edison Inc,E1620
C00409565,National Ocean Industries Assn,"NA",National Ocean Industries Assn,E1100
C00410597,Siouxland Energy & Livestock Cooperative,"NA",Siouxland Energy & Livestock Cooperative,E1500
C00414169,Berkeley Electric Cooperative,"NA",Berkeley Electric Cooperative,E1600
C00414490,Golden Grain Energy,"NA",Golden Grain Energy,E1500
C00415026,National Petrochemical & Refiners Assn; American Fuel & Petrochem Manufacturers,"NA",National Petrochemical & Refiners Assn; American Fuel & Petrochem Manufacturers,E1160
C00418384,Midwest Grain Processors,"NA",Midwest Grain Processors,E1500
C00420950,Pioneer Natural Resources,"NA",Pioneer Natural Resources USA,E1120
C00421982,Solar Energy Industries Assn,"NA",Solar Energy Industries Assn,E1500
C00422352,Iberdrola SA; PPM Energy,Iberdrola SA; NA,Iberdrola Renewables; PPM Energy,E1500; E1630
C00426569,Independent Petroleum Assn/Mountn States; Western Energy Alliance,"NA",Independent Petroleum Assn/Mountn States; Western Energy Alliance,E1120
C00428748,Fuellcell Transport PAC,"NA",Fuellcell Transport PAC,E1500
C00429662,Spectra Energy; Enbridge Inc; Duke Energy,NA; Duke Energy,Spectra Energy; Duke Energy,E1140; E1620
C00430157,Cheniere Energy,"NA",Cheniere Energy,E1140
C00431270,National Biodiesel Board,"NA",National Biodiesel Board,E1500
C00431932,EnCana Corp,"NA",EnCana Oil & Gas USA,E1120
C00434142,Renewable Energy Systems,"NA",Renewable Energy Systems Americas,E1500
C00436923,Excelsior Energy,"NA",Excelsior Energy,E1600
C00437020,Envires LLC,"NA",Envires LLC,E1120
C00437244,Invenergy LLC,"NA",Invenergy LLC,E1500
C00438754,Energy Transfer Equity,NA; Energy Transfer Equity,Energy Transfer Partners,E1140
C00438978,Iowa Renewable Fuels Assn,"NA",Iowa Renewable Fuels Assn,E1500
C00440651,Denbury Resources,"NA",Denbury Resources,E1120
C00441196,Renewable Energy for America PAC,"NA",Renewable Energy for America PAC,E1500
C00442707,Integrys Energy Group,Integrys Energy Group; NA,Integrys Energy Group,E1620
C00443523,Newfield Exploration Co,"NA",Newfield Exploration Co,E1120
C00443895,Western Iowa Energy,"NA",Western Iowa Energy,E1500
C00444430,Oklahoma Independent Petroleum Assn,"NA",Oklahoma Independent Petroleum Assn,E1120
C00445304,Ausra Inc,"NA",Ausra Inc,E1500
C00450270,Green Earth Fuels,"NA",Green Earth Fuels,E1160
C00450692,Poet LLC,"NA",Poet LLC,E1500
C00451575,Sunpower Corp; Total SA,"NA",Sunpower Corp,E1500
C00452292,Atlas Oil,"NA",Atlas Oil,E1100
C00452755,EDP Renovaveis; EDP - Energias de Portugal,"NA",Horizon Wind Energy; EDP Renewables NA,E1500
C00452805,International Power,"NA",International Power America,E1600
C00453563,Missouri Renewable Fuels Assn,"NA",Missouri Renewable Fuels Assn,E1500
C00454850,Little Sioux Corn Processors,"NA",LSCP LP; Little Sioux Corn Processors,E1500
C00454868,Central Iowa Energy,"NA",Central Iowa Energy,E1500
C00455048,Absolute Energy,"NA",Absolute Energy,E1500
C00455147,Exco Resources,"NA",Exco Resources,E1000
C00455535,Iowa Renewable Energy,"NA",Iowa Renewable Energy,E1500
C00455626,Lincolnway Energy,"NA",Lincolnway Energy,E1500
C00455873,Amaizing Energy,"NA",Amaizing Energy,E1500
C00456277,Western Dubuque Biodiesel               ; Western Dubuque Biodiesel,"NA",Western Dubuque Biodiesel,E1500
C00460493,LA County Assn/Environmental Health Spec,"NA",LA County Assn/Enviro Health Specialists,E2000
C00465278,Verenium Corp,"NA",Verenium Corp,E1500
C00466458,Secure Energy for America Assn,NA; Secure Energy for America Assn,Secure Energy for America Assn,E1000
C00470872,Energy Conversion Devices,"NA",Energy Conversion Devices,E1500
C00472308,Chevron Corp,Chevron Corp,Atlas Energy,E1140
C00475590,Converteam Holdings North America,"NA",Converteam Holdings North America,E1600
C00475665,Growth Energy,"NA",Growth Energy,E1500
C00478685,Energy Future Holdings Corp,Energy Future Holdings Corp,Energy Future Holdings Corp,E1600
C00479873,Noble Energy,"NA",Noble Energy,E1120
C00479998,Tenaska Energy,"NA",Tenaska Inc,E1630
C00480210,Calera Corp Blue Planet,"NA",Calera Corp Blue Planet,E2000
C00480939,ONEOK Inc,ONEOK Inc,Oklahoma Natural Energy; OKLAHOMA NATURAL ENERGY (ONE) POLITICAL ACTION COM,E1140
C00481192,Whiting Petroleum Corp,"NA",Whiting Petroleum Corp,E1120
C00482182,Ohio Petroleum Marketers & Convenience,"NA",Ohio Petroleum Marketers & Convenience,E1160
C00483677,American Petroleum Institute,"NA",American Petroleum Institute,E1100
C00483891,Clean Economy Network; Advanced Energy Economy,"NA",Clean Economy Network; Advanced Energy Economy,E1500
C00483974,Plymouth Energy,"NA",Plymouth Energy,E1500
C00484592,National Biodiesel Board,"NA",National Biodiesel Board,E1500
C00484725,Domestic Energy Producers Alliance,"NA",Domestic Energy Producers Alliance,E1120
C00485250,America's Natural Gas Alliance,"NA",America's Natural Gas Alliance,E1140
C00485730,QEP Resources,"NA",QEP Resources,E1120
C00486050,Cabot Oil & Gas,"NA",Cabot Oil & Gas,E1120
C00487447,Energy Future Holdings Corp; Vistra Energy,Energy Future Holdings Corp; Vistra Energy,Oncor Electric Delivery,E1620
C00487769,Southwest Iowa Renewable Energy,"NA",Southwest Iowa Renewable Energy,E1500
C00488080,National Stripper Well Assn,"NA",National Stripper Well Assn,E1120
C00489070,International Liquid Terminals Assn,"NA",International Liquid Terminals Assn,E1000
C00489302,SunRun Inc; Sunrun Inc,"NA",SunRun Inc; Sunrun Inc,E1500
C00489468,Markwest Energy Partners,"NA",Markwest Energy Partners,E1140
C00489534,First Solar,"NA",First Solar,E1500
C00490441,Bill Barrett Corp,"NA",Bill Barrett Corp,E1120
C00490904,Everpower Wind Holding,"NA",Everpower Wind Holding,E1500
C00491381,Gradient Resources,"NA",Gradient Resources,E1500
C00491696,GenOn Energy; NRG Energy,NA; NRG Energy,GenOn Energy,E1630
C00492397,Amonix Inc,"NA",Amonix Inc,E1500
C00494666,Abengoa SA,"NA",Abengoa Solar,E1500
C00494716,Terra-Gen Power,"NA",Terra-Gen Power,E1600
C00495929,US Transportation Energy & Technology Alliance,"NA",US Transportation Energy & Technology Alliance,E1000
C00496307,Marathon Petroleum,NA; Marathon Petroleum,Marathon Petroleum,E1160
C00496752,Enterprise Products Partners,"NA",Enterprise Products Partners,E1140
C00499657,American Independent Energy PAC,"NA",American Independent Energy PAC,E1120
C00500033,Efficient America PAC,"NA",Efficient America PAC,E1500
C00502518,WPX Energy,"NA",WPX Energy,E1120
C00502914,Centrica US Holdings,"NA",Direct Energy Inc,E1140
C00507962,AES Corp,AES Corp,AES Corp,E1630
C00510016,Targa Resources Corp,"NA",Targa Resources Corp,E1140
C00513549,Phillips 66,"NA",Phillips 66,E1100; E1170
C00513671,Enervest Ltd,"NA",EVOC Regulatory Services,E1120
C00518910,Renewable Fuels Assn,"NA",Renewable Fuels Assn,E1500
C00520569,SolarCity Inc; Tesla Motors,NA; Tesla Motors,SolarCity Inc,E1500
C00520643,Tlingit-Haida Central Council,Tlingit-Haida Central Council,Sealaska Corp,E0000
C00523225,Cumberland Farms,"NA",Cumberland Farms,E1170
C00523233,EDF Group,"NA",EDF Renewable Energy,E1500
C00524769,Uns Energy Corp; Fortis Inc,NA; Fortis Inc,Uns Energy Corp,E1600
C00525055,Transcanada Corp,NA; Transcanada Corp,Transcanada USA Services,E1140
C00528042,Brookfield Corp,"NA",BROOKFIELD US CORPORATION FEDERAL PAC             ,E1500
C00536466,Renewable Energy Group,"NA",Renewable Energy Group,E1500
C00541706,Excelerate Energy,"NA",Excelerate Energy,E1140
C00542092,Concho Resources,"NA",Concho Resources,E1120
C00545319,Dominion Resources,Dominion Resources,Dominion Resources; Dominion Energy/Connecticut,E1620
C00548164,Proliance Energy,"NA",Proliance Energy,E1140
C00551184,Continental Resources,"NA",Continental Resources,E1120
C00554444,ONE Gas,"NA",ONE Gas,E1140
C00554691,Kentucky Oil & Gas Assn,"NA",Kentucky Oil & Gas Assn,E1000
C00555276,Distributed Wind Energy Assn,"NA",Distributed Wind Energy Assn,E1500
C00557322,Hess Corp,"NA",Hess Corp,E1120
C00558411,US Venture Inc,"NA",US Venture Inc,E1170
C00558718,Genie Energy,"NA",Genie Energy,E1100
C00558759,PDC Energy,"NA",PDC Energy,E1120
C00559542,National Assn of Royalty Owners,"NA",National Assn of Royalty Owners,E1000
C00560078,Secure Energy for America Assn,Secure Energy for America Assn; NA,Secure Energy for America Assn,E1000
C00563585,Jordan Cove Energy Project,"NA",Jordan Cove Energy Project,E1140
C00564575,Valley Electric Assn,"NA",Valley Electric Assn,E1610
C00565309,Mitsubishi Hitachi Power Systems,"NA",Mitsubishi Hitachi Power Systems,E1700
C00569095,OwnEnergy Inc,"NA",OwnEnergy Inc,E1500
C00575340,TransCanada Corp,TransCanada Corp,Columbia Pipeline Group,E1140
C00577072,Babcock & Wilcox Enterprises,"NA",Babcock & Wilcox Enterprises,E1700
C00577155,Apex Clean Energy,"NA",Apex Clean Energy,E1500
C00579367,Vistra Energy,Vistra Energy,Dynegy Inc,E1620
C00580654,Gulfport Energy,"NA",Gulfport Energy,E1120
C00590265,Veresen Inc,"NA",Jordan Cove LNG,E1140
C00608323,Atlas Properties,Atlas Properties,Brightergy LLC,E1500
C00608331,GPA Midstream Assn,"NA",GPA Midstream Assn,E1140
C00610782,Southern Co,Southern Co,Gulf Power,E1600
C00613133,Delta Air Lines,Delta Air Lines,Monroe Energy,E1100
C00620914,Enable Midstream Partners,"NA",Enable Midstream Partners,E1110
C00621011,Plug Power Inc,"NA",Plug Power Inc,E1500
C00624643,Water Quality Assn,"NA",Water Quality Assn,E2000
C00624833,Americans for Electricity Choice Action,"NA",Americans for Electricity Choice Action,E1500
C00629410,Cypress Creek Renewables,"NA",Cypress Creek Renewables,E1500
C00632588,8Minutenergy Renewables,"NA",8Minutenergy Renewables,E1500
C00635516,Tellurian Inc,"NA",Tellurian Inc,E1140
C00635615,Caithness Energy,Caithness Energy,Caithness Services,E1700
C00637322,Par Pacific Holdings,"NA",Par Pacific Holdings,E1120
C00646992,World Energy Inc,"NA",World Energy Inc,E1500
C00658831,Siouxland Ethanol,"NA",Siouxland Ethanol,E1500
C00660902,CNX Resources,"NA",CNX Resources,E1120
C00660928,Energy Freedom Advocates,"NA",Energy Freedom Advocates,E1500
C00670141,Magnolia LNG,"NA",Magnolia LNG,E1140
C00677757,Coalition for Renewable Natural Gas,"NA",Coalition for Renewable Natural Gas,E1140
C00679902,Canadian Solar,"NA",Recurrent Energy,E1500
C00683383,Vivint Solar,"NA",Vivint Solar,E1500
C00684506,Calista Corp,"NA",Yukon Kusko PAC,E1000
C00686949,Pattern Energy Group,"NA",Pattern Energy Group,E1500
C00688606,Equitrans Midstream Corp,"NA",Equitrans Midstream Corp,E1140
C30001176,American Energy Alliance,"NA",American Energy Alliance,E1000
C70005079,Koch Industries,Koch Industries,Koch Industries,E1160
C70005384,Tlingit-Haida Central Council,Tlingit-Haida Central Council,Sealaska Corp,E0000
C70005764,National Rural Electric Cooperative Assn,National Rural Electric Cooperative Assn,National Rural Electric Cooperative Assn,E1610
C90012212,Tlingit-Haida Central Council,Tlingit-Haida Central Council,Sealaska Corp; Sealaska Corporation                              ,E0000
C90012543,Tanana Chiefs Conference,"NA",Doyon Ltd,E1120
C90013384,Dominick Dalbo,"NA",Dominick Dalbo; Dominick Dalbo                                    ,E1000
C90015207,Fuels America,"NA",Fuels America,E1500
C90016155,American Wind Action,"NA",American Wind Action,E1500
